orig_path,proc_path,subject,label,split
data\raw\Sub2\Eyeclose\1192.jpg,data\processed\eyeclose\Sub2_1192.png,Sub2,eyeclose,train
data\raw\Sub2\Eyeclose\1180.jpg,data\processed\eyeclose\Sub2_1180.png,Sub2,eyeclose,train
data\raw\Sub3\Eyeclose\2964.jpg,data\processed\eyeclose\Sub3_2964.png,Sub3,eyeclose,train
data\raw\Sub3\Happy\3563.jpg,data\processed\happy\Sub3_3563.png,Sub3,happy,train
data\raw\Sub3\Neutral\2894.jpg,data\processed\neutral\Sub3_2894.png,Sub3,neutral,train
data\raw\Sub2\Eyeclose\1177.jpg,data\processed\eyeclose\Sub2_1177.png,Sub2,eyeclose,train
data\raw\Sub3\Happy\3574.jpg,data\processed\happy\Sub3_3574.png,Sub3,happy,train
data\raw\Sub3\Neutral\2858.jpg,data\processed\neutral\Sub3_2858.png,Sub3,neutral,train
data\raw\Sub1\Neutral\52.jpg,data\processed\neutral\Sub1_52.png,Sub1,neutral,train
data\raw\Sub3\Yawn\3212.jpg,data\processed\yawn\Sub3_3212.png,Sub3,yawn,train
data\raw\Sub3\Eyeclose\3516.jpg,data\processed\eyeclose\Sub3_3516.png,Sub3,eyeclose,train
data\raw\Sub1\Eyeclose\211.jpg,data\processed\eyeclose\Sub1_211.png,Sub1,eyeclose,train
data\raw\Sub2\Eyeclose\1209.jpg,data\processed\eyeclose\Sub2_1209.png,Sub2,eyeclose,train
data\raw\Sub2\Eyeclose\1682.jpg,data\processed\eyeclose\Sub2_1682.png,Sub2,eyeclose,train
data\raw\Sub2\Neutral\1533.jpg,data\processed\neutral\Sub2_1533.png,Sub2,neutral,train
data\raw\Sub3\Happy\3569.jpg,data\processed\happy\Sub3_3569.png,Sub3,happy,train
data\raw\Sub1\Eyeclose\326.jpg,data\processed\eyeclose\Sub1_326.png,Sub1,eyeclose,train
data\raw\Sub2\Neutral\927.jpg,data\processed\neutral\Sub2_927.png,Sub2,neutral,train
data\raw\Sub2\Eyeclose\1148.jpg,data\processed\eyeclose\Sub2_1148.png,Sub2,eyeclose,train
data\raw\Sub2\Neutral\1529.jpg,data\processed\neutral\Sub2_1529.png,Sub2,neutral,train
data\raw\Sub2\Happy\1487.jpg,data\processed\happy\Sub2_1487.png,Sub2,happy,train
data\raw\Sub3\Eyeclose\3491.jpg,data\processed\eyeclose\Sub3_3491.png,Sub3,eyeclose,train
data\raw\Sub1\Yawn\451.jpg,data\processed\yawn\Sub1_451.png,Sub1,yawn,train
data\raw\Sub2\Neutral\1524.jpg,data\processed\neutral\Sub2_1524.png,Sub2,neutral,train
data\raw\Sub3\Neutral\2830.jpg,data\processed\neutral\Sub3_2830.png,Sub3,neutral,train
data\raw\Sub3\Yawn\3196.jpg,data\processed\yawn\Sub3_3196.png,Sub3,yawn,train
data\raw\Sub3\Eyeclose\3526.jpg,data\processed\eyeclose\Sub3_3526.png,Sub3,eyeclose,train
data\raw\Sub2\Neutral\1553.jpg,data\processed\neutral\Sub2_1553.png,Sub2,neutral,train
data\raw\Sub2\Eyeclose\1175.jpg,data\processed\eyeclose\Sub2_1175.png,Sub2,eyeclose,train
data\raw\Sub1\Neutral\75.jpg,data\processed\neutral\Sub1_75.png,Sub1,neutral,train
data\raw\Sub1\Neutral\112.jpg,data\processed\neutral\Sub1_112.png,Sub1,neutral,train
data\raw\Sub2\Eyeclose\1608.jpg,data\processed\eyeclose\Sub2_1608.png,Sub2,eyeclose,train
data\raw\Sub2\Eyeclose\1164.jpg,data\processed\eyeclose\Sub2_1164.png,Sub2,eyeclose,train
data\raw\Sub3\Happy\3560.jpg,data\processed\happy\Sub3_3560.png,Sub3,happy,train
data\raw\Sub2\Eyeclose\1747.jpg,data\processed\eyeclose\Sub2_1747.png,Sub2,eyeclose,train
data\raw\Sub2\Eyeclose\1105.jpg,data\processed\eyeclose\Sub2_1105.png,Sub2,eyeclose,train
data\raw\Sub1\Eyeclose\196.jpg,data\processed\eyeclose\Sub1_196.png,Sub1,eyeclose,train
data\raw\Sub2\Eyeclose\1621.jpg,data\processed\eyeclose\Sub2_1621.png,Sub2,eyeclose,train
data\raw\Sub1\Eyeclose\207.jpg,data\processed\eyeclose\Sub1_207.png,Sub1,eyeclose,train
data\raw\Sub2\Eyeclose\1741.jpg,data\processed\eyeclose\Sub2_1741.png,Sub2,eyeclose,train
data\raw\Sub3\Yawn\3715.jpg,data\processed\yawn\Sub3_3715.png,Sub3,yawn,train
data\raw\Sub2\Neutral\959.jpg,data\processed\neutral\Sub2_959.png,Sub2,neutral,train
data\raw\Sub2\Eyeclose\1124.jpg,data\processed\eyeclose\Sub2_1124.png,Sub2,eyeclose,train
data\raw\Sub3\Neutral\2847.jpg,data\processed\neutral\Sub3_2847.png,Sub3,neutral,train
data\raw\Sub2\Neutral\957.jpg,data\processed\neutral\Sub2_957.png,Sub2,neutral,train
data\raw\Sub1\Eyeclose\793.jpg,data\processed\eyeclose\Sub1_793.png,Sub1,eyeclose,train
data\raw\Sub2\Neutral\1561.jpg,data\processed\neutral\Sub2_1561.png,Sub2,neutral,train
data\raw\Sub1\Neutral\94.jpg,data\processed\neutral\Sub1_94.png,Sub1,neutral,train
data\raw\Sub2\Eyeclose\1206.jpg,data\processed\eyeclose\Sub2_1206.png,Sub2,eyeclose,train
data\raw\Sub3\Eyeclose\3504.jpg,data\processed\eyeclose\Sub3_3504.png,Sub3,eyeclose,train
data\raw\Sub1\Eyeclose\315.jpg,data\processed\eyeclose\Sub1_315.png,Sub1,eyeclose,train
data\raw\Sub2\Eyeclose\1132.jpg,data\processed\eyeclose\Sub2_1132.png,Sub2,eyeclose,train
data\raw\Sub1\Eyeclose\220.jpg,data\processed\eyeclose\Sub1_220.png,Sub1,eyeclose,train
data\raw\Sub3\Eyeclose\3483.jpg,data\processed\eyeclose\Sub3_3483.png,Sub3,eyeclose,train
data\raw\Sub2\Eyeclose\1770.jpg,data\processed\eyeclose\Sub2_1770.png,Sub2,eyeclose,train
data\raw\Sub2\Neutral\1520.jpg,data\processed\neutral\Sub2_1520.png,Sub2,neutral,train
data\raw\Sub2\Happy\1457.jpg,data\processed\happy\Sub2_1457.png,Sub2,happy,train
data\raw\Sub3\Happy\3566.jpg,data\processed\happy\Sub3_3566.png,Sub3,happy,train
data\raw\Sub3\Neutral\2869.jpg,data\processed\neutral\Sub3_2869.png,Sub3,neutral,train
data\raw\Sub1\Neutral\156.jpg,data\processed\neutral\Sub1_156.png,Sub1,neutral,train
data\raw\Sub1\Neutral\12.jpg,data\processed\neutral\Sub1_12.png,Sub1,neutral,train
data\raw\Sub2\Eyeclose\1761.jpg,data\processed\eyeclose\Sub2_1761.png,Sub2,eyeclose,train
data\raw\Sub2\Happy\1446.jpg,data\processed\happy\Sub2_1446.png,Sub2,happy,train
data\raw\Sub1\Eyeclose\222.jpg,data\processed\eyeclose\Sub1_222.png,Sub1,eyeclose,train
data\raw\Sub3\Eyeclose\2937.jpg,data\processed\eyeclose\Sub3_2937.png,Sub3,eyeclose,train
data\raw\Sub1\Neutral\77.jpg,data\processed\neutral\Sub1_77.png,Sub1,neutral,train
data\raw\Sub3\Eyeclose\3478.jpg,data\processed\eyeclose\Sub3_3478.png,Sub3,eyeclose,train
data\raw\Sub1\Eyeclose\216.jpg,data\processed\eyeclose\Sub1_216.png,Sub1,eyeclose,train
data\raw\Sub1\Eyeclose\181.jpg,data\processed\eyeclose\Sub1_181.png,Sub1,eyeclose,train
data\raw\Sub2\Eyeclose\1629.jpg,data\processed\eyeclose\Sub2_1629.png,Sub2,eyeclose,train
data\raw\Sub2\Yawn\1312.jpg,data\processed\yawn\Sub2_1312.png,Sub2,yawn,train
data\raw\Sub3\Eyeclose\3482.jpg,data\processed\eyeclose\Sub3_3482.png,Sub3,eyeclose,train
data\raw\Sub1\Neutral\163.jpg,data\processed\neutral\Sub1_163.png,Sub1,neutral,train
data\raw\Sub2\Neutral\995.jpg,data\processed\neutral\Sub2_995.png,Sub2,neutral,train
data\raw\Sub1\Yawn\478.jpg,data\processed\yawn\Sub1_478.png,Sub1,yawn,train
data\raw\Sub3\Eyeclose\3460.jpg,data\processed\eyeclose\Sub3_3460.png,Sub3,eyeclose,train
data\raw\Sub1\Yawn\481.jpg,data\processed\yawn\Sub1_481.png,Sub1,yawn,train
data\raw\Sub3\Neutral\2903.jpg,data\processed\neutral\Sub3_2903.png,Sub3,neutral,train
data\raw\Sub1\Yawn\469.jpg,data\processed\yawn\Sub1_469.png,Sub1,yawn,train
data\raw\Sub1\Eyeclose\204.jpg,data\processed\eyeclose\Sub1_204.png,Sub1,eyeclose,train
data\raw\Sub1\Eyeclose\319.jpg,data\processed\eyeclose\Sub1_319.png,Sub1,eyeclose,train
data\raw\Sub2\Eyeclose\1656.jpg,data\processed\eyeclose\Sub2_1656.png,Sub2,eyeclose,train
data\raw\Sub2\Eyeclose\1756.jpg,data\processed\eyeclose\Sub2_1756.png,Sub2,eyeclose,train
data\raw\Sub3\Yawn\3221.jpg,data\processed\yawn\Sub3_3221.png,Sub3,yawn,train
data\raw\Sub2\Neutral\1528.jpg,data\processed\neutral\Sub2_1528.png,Sub2,neutral,train
data\raw\Sub1\Neutral\123.jpg,data\processed\neutral\Sub1_123.png,Sub1,neutral,train
data\raw\Sub1\Eyeclose\349.jpg,data\processed\eyeclose\Sub1_349.png,Sub1,eyeclose,train
data\raw\Sub3\Neutral\2837.jpg,data\processed\neutral\Sub3_2837.png,Sub3,neutral,train
data\raw\Sub1\Yawn\496.jpg,data\processed\yawn\Sub1_496.png,Sub1,yawn,train
data\raw\Sub2\Neutral\1024.jpg,data\processed\neutral\Sub2_1024.png,Sub2,neutral,train
data\raw\Sub3\Happy\3577.jpg,data\processed\happy\Sub3_3577.png,Sub3,happy,train
data\raw\Sub3\Happy\3558.jpg,data\processed\happy\Sub3_3558.png,Sub3,happy,train
data\raw\Sub2\Eyeclose\1754.jpg,data\processed\eyeclose\Sub2_1754.png,Sub2,eyeclose,train
data\raw\Sub3\Eyeclose\3462.jpg,data\processed\eyeclose\Sub3_3462.png,Sub3,eyeclose,train
data\raw\Sub2\Eyeclose\1613.jpg,data\processed\eyeclose\Sub2_1613.png,Sub2,eyeclose,train
data\raw\Sub1\Neutral\157.jpg,data\processed\neutral\Sub1_157.png,Sub1,neutral,train
data\raw\Sub1\Eyeclose\814.jpg,data\processed\eyeclose\Sub1_814.png,Sub1,eyeclose,train
data\raw\Sub3\Eyeclose\3455.jpg,data\processed\eyeclose\Sub3_3455.png,Sub3,eyeclose,train
data\raw\Sub1\Yawn\450.jpg,data\processed\yawn\Sub1_450.png,Sub1,yawn,train
data\raw\Sub1\Neutral\74.jpg,data\processed\neutral\Sub1_74.png,Sub1,neutral,train
data\raw\Sub2\Neutral\1007.jpg,data\processed\neutral\Sub2_1007.png,Sub2,neutral,train
data\raw\Sub2\Eyeclose\1636.jpg,data\processed\eyeclose\Sub2_1636.png,Sub2,eyeclose,train
data\raw\Sub2\Neutral\966.jpg,data\processed\neutral\Sub2_966.png,Sub2,neutral,train
data\raw\Sub3\Eyeclose\3524.jpg,data\processed\eyeclose\Sub3_3524.png,Sub3,eyeclose,train
data\raw\Sub3\Happy\3576.jpg,data\processed\happy\Sub3_3576.png,Sub3,happy,train
data\raw\Sub2\Neutral\963.jpg,data\processed\neutral\Sub2_963.png,Sub2,neutral,train
data\raw\Sub3\Eyeclose\3519.jpg,data\processed\eyeclose\Sub3_3519.png,Sub3,eyeclose,train
data\raw\Sub1\Eyeclose\320.jpg,data\processed\eyeclose\Sub1_320.png,Sub1,eyeclose,train
data\raw\Sub2\Yawn\1310.jpg,data\processed\yawn\Sub2_1310.png,Sub2,yawn,train
data\raw\Sub3\Eyeclose\3496.jpg,data\processed\eyeclose\Sub3_3496.png,Sub3,eyeclose,train
data\raw\Sub2\Neutral\1559.jpg,data\processed\neutral\Sub2_1559.png,Sub2,neutral,train
data\raw\Sub2\Eyeclose\1128.jpg,data\processed\eyeclose\Sub2_1128.png,Sub2,eyeclose,train
data\raw\Sub2\Neutral\1012.jpg,data\processed\neutral\Sub2_1012.png,Sub2,neutral,train
data\raw\Sub2\Eyeclose\1688.jpg,data\processed\eyeclose\Sub2_1688.png,Sub2,eyeclose,train
data\raw\Sub1\Neutral\152.jpg,data\processed\neutral\Sub1_152.png,Sub1,neutral,train
data\raw\Sub1\Neutral\22.jpg,data\processed\neutral\Sub1_22.png,Sub1,neutral,train
data\raw\Sub2\Eyeclose\1729.jpg,data\processed\eyeclose\Sub2_1729.png,Sub2,eyeclose,train
data\raw\Sub2\Eyeclose\1103.jpg,data\processed\eyeclose\Sub2_1103.png,Sub2,eyeclose,train
data\raw\Sub2\Eyeclose\1630.jpg,data\processed\eyeclose\Sub2_1630.png,Sub2,eyeclose,train
data\raw\Sub2\Neutral\988.jpg,data\processed\neutral\Sub2_988.png,Sub2,neutral,train
data\raw\Sub2\Eyeclose\1185.jpg,data\processed\eyeclose\Sub2_1185.png,Sub2,eyeclose,train
data\raw\Sub2\Happy\1470.jpg,data\processed\happy\Sub2_1470.png,Sub2,happy,train
data\raw\Sub3\Yawn\3217.jpg,data\processed\yawn\Sub3_3217.png,Sub3,yawn,train
data\raw\Sub2\Neutral\1015.jpg,data\processed\neutral\Sub2_1015.png,Sub2,neutral,train
data\raw\Sub2\Eyeclose\1760.jpg,data\processed\eyeclose\Sub2_1760.png,Sub2,eyeclose,train
data\raw\Sub2\Eyeclose\1642.jpg,data\processed\eyeclose\Sub2_1642.png,Sub2,eyeclose,train
data\raw\Sub2\Neutral\1518.jpg,data\processed\neutral\Sub2_1518.png,Sub2,neutral,train
data\raw\Sub1\Eyeclose\199.jpg,data\processed\eyeclose\Sub1_199.png,Sub1,eyeclose,train
data\raw\Sub3\Eyeclose\2936.jpg,data\processed\eyeclose\Sub3_2936.png,Sub3,eyeclose,train
data\raw\Sub1\Eyeclose\302.jpg,data\processed\eyeclose\Sub1_302.png,Sub1,eyeclose,train
data\raw\Sub1\Eyeclose\816.jpg,data\processed\eyeclose\Sub1_816.png,Sub1,eyeclose,train
data\raw\Sub1\Neutral\137.jpg,data\processed\neutral\Sub1_137.png,Sub1,neutral,train
data\raw\Sub1\Neutral\151.jpg,data\processed\neutral\Sub1_151.png,Sub1,neutral,train
data\raw\Sub2\Eyeclose\1591.jpg,data\processed\eyeclose\Sub2_1591.png,Sub2,eyeclose,train
data\raw\Sub1\Eyeclose\325.jpg,data\processed\eyeclose\Sub1_325.png,Sub1,eyeclose,train
data\raw\Sub2\Neutral\1029.jpg,data\processed\neutral\Sub2_1029.png,Sub2,neutral,train
data\raw\Sub2\Eyeclose\1211.jpg,data\processed\eyeclose\Sub2_1211.png,Sub2,eyeclose,train
data\raw\Sub2\Eyeclose\1113.jpg,data\processed\eyeclose\Sub2_1113.png,Sub2,eyeclose,train
data\raw\Sub1\Eyeclose\174.jpg,data\processed\eyeclose\Sub1_174.png,Sub1,eyeclose,train
data\raw\Sub1\Yawn\482.jpg,data\processed\yawn\Sub1_482.png,Sub1,yawn,train
data\raw\Sub3\Happy\3575.jpg,data\processed\happy\Sub3_3575.png,Sub3,happy,train
data\raw\Sub1\Eyeclose\205.jpg,data\processed\eyeclose\Sub1_205.png,Sub1,eyeclose,train
data\raw\Sub2\Happy\1468.jpg,data\processed\happy\Sub2_1468.png,Sub2,happy,train
data\raw\Sub2\Eyeclose\1690.jpg,data\processed\eyeclose\Sub2_1690.png,Sub2,eyeclose,train
data\raw\Sub2\Eyeclose\1786.jpg,data\processed\eyeclose\Sub2_1786.png,Sub2,eyeclose,train
data\raw\Sub3\Eyeclose\3488.jpg,data\processed\eyeclose\Sub3_3488.png,Sub3,eyeclose,train
data\raw\Sub1\Neutral\57.jpg,data\processed\neutral\Sub1_57.png,Sub1,neutral,train
data\raw\Sub2\Happy\1448.jpg,data\processed\happy\Sub2_1448.png,Sub2,happy,train
data\raw\Sub2\Yawn\1341.jpg,data\processed\yawn\Sub2_1341.png,Sub2,yawn,train
data\raw\Sub2\Eyeclose\1110.jpg,data\processed\eyeclose\Sub2_1110.png,Sub2,eyeclose,train
data\raw\Sub2\Eyeclose\1197.jpg,data\processed\eyeclose\Sub2_1197.png,Sub2,eyeclose,train
data\raw\Sub2\Neutral\994.jpg,data\processed\neutral\Sub2_994.png,Sub2,neutral,train
data\raw\Sub2\Neutral\945.jpg,data\processed\neutral\Sub2_945.png,Sub2,neutral,train
data\raw\Sub2\Neutral\1008.jpg,data\processed\neutral\Sub2_1008.png,Sub2,neutral,train
data\raw\Sub3\Yawn\3706.jpg,data\processed\yawn\Sub3_3706.png,Sub3,yawn,train
data\raw\Sub2\Eyeclose\1146.jpg,data\processed\eyeclose\Sub2_1146.png,Sub2,eyeclose,train
data\raw\Sub2\Yawn\1342.jpg,data\processed\yawn\Sub2_1342.png,Sub2,yawn,train
data\raw\Sub3\Eyeclose\3523.jpg,data\processed\eyeclose\Sub3_3523.png,Sub3,eyeclose,train
data\raw\Sub1\Neutral\158.jpg,data\processed\neutral\Sub1_158.png,Sub1,neutral,train
data\raw\Sub2\Eyeclose\1112.jpg,data\processed\eyeclose\Sub2_1112.png,Sub2,eyeclose,train
data\raw\Sub2\Neutral\997.jpg,data\processed\neutral\Sub2_997.png,Sub2,neutral,train
data\raw\Sub3\Neutral\2881.jpg,data\processed\neutral\Sub3_2881.png,Sub3,neutral,train
data\raw\Sub2\Happy\1459.jpg,data\processed\happy\Sub2_1459.png,Sub2,happy,train
data\raw\Sub2\Neutral\953.jpg,data\processed\neutral\Sub2_953.png,Sub2,neutral,train
data\raw\Sub2\Eyeclose\1623.jpg,data\processed\eyeclose\Sub2_1623.png,Sub2,eyeclose,train
data\raw\Sub3\Eyeclose\3498.jpg,data\processed\eyeclose\Sub3_3498.png,Sub3,eyeclose,train
data\raw\Sub2\Eyeclose\1167.jpg,data\processed\eyeclose\Sub2_1167.png,Sub2,eyeclose,train
data\raw\Sub1\Neutral\84.jpg,data\processed\neutral\Sub1_84.png,Sub1,neutral,train
data\raw\Sub1\Eyeclose\363.jpg,data\processed\eyeclose\Sub1_363.png,Sub1,eyeclose,train
data\raw\Sub2\Eyeclose\1104.jpg,data\processed\eyeclose\Sub2_1104.png,Sub2,eyeclose,train
data\raw\Sub2\Eyeclose\1186.jpg,data\processed\eyeclose\Sub2_1186.png,Sub2,eyeclose,train
data\raw\Sub2\Eyeclose\1726.jpg,data\processed\eyeclose\Sub2_1726.png,Sub2,eyeclose,train
data\raw\Sub3\Neutral\2863.jpg,data\processed\neutral\Sub3_2863.png,Sub3,neutral,train
data\raw\Sub3\Eyeclose\3506.jpg,data\processed\eyeclose\Sub3_3506.png,Sub3,eyeclose,train
data\raw\Sub2\Neutral\986.jpg,data\processed\neutral\Sub2_986.png,Sub2,neutral,train
data\raw\Sub2\Eyeclose\1129.jpg,data\processed\eyeclose\Sub2_1129.png,Sub2,eyeclose,train
data\raw\Sub2\Neutral\933.jpg,data\processed\neutral\Sub2_933.png,Sub2,neutral,train
data\raw\Sub2\Neutral\980.jpg,data\processed\neutral\Sub2_980.png,Sub2,neutral,train
data\raw\Sub3\Yawn\3711.jpg,data\processed\yawn\Sub3_3711.png,Sub3,yawn,train
data\raw\Sub2\Eyeclose\1154.jpg,data\processed\eyeclose\Sub2_1154.png,Sub2,eyeclose,train
data\raw\Sub1\Yawn\454.jpg,data\processed\yawn\Sub1_454.png,Sub1,yawn,train
data\raw\Sub2\Happy\1434.jpg,data\processed\happy\Sub2_1434.png,Sub2,happy,train
data\raw\Sub2\Eyeclose\1094.jpg,data\processed\eyeclose\Sub2_1094.png,Sub2,eyeclose,train
data\raw\Sub2\Eyeclose\1092.jpg,data\processed\eyeclose\Sub2_1092.png,Sub2,eyeclose,train
data\raw\Sub2\Eyeclose\1735.jpg,data\processed\eyeclose\Sub2_1735.png,Sub2,eyeclose,train
data\raw\Sub3\Eyeclose\3487.jpg,data\processed\eyeclose\Sub3_3487.png,Sub3,eyeclose,train
data\raw\Sub1\Neutral\162.jpg,data\processed\neutral\Sub1_162.png,Sub1,neutral,train
data\raw\Sub2\Neutral\1000.jpg,data\processed\neutral\Sub2_1000.png,Sub2,neutral,train
data\raw\Sub3\Yawn\3207.jpg,data\processed\yawn\Sub3_3207.png,Sub3,yawn,train
data\raw\Sub3\Eyeclose\2943.jpg,data\processed\eyeclose\Sub3_2943.png,Sub3,eyeclose,train
data\raw\Sub2\Eyeclose\1681.jpg,data\processed\eyeclose\Sub2_1681.png,Sub2,eyeclose,train
data\raw\Sub3\Neutral\2889.jpg,data\processed\neutral\Sub3_2889.png,Sub3,neutral,train
data\raw\Sub2\Neutral\930.jpg,data\processed\neutral\Sub2_930.png,Sub2,neutral,train
data\raw\Sub1\Eyeclose\212.jpg,data\processed\eyeclose\Sub1_212.png,Sub1,eyeclose,train
data\raw\Sub1\Eyeclose\219.jpg,data\processed\eyeclose\Sub1_219.png,Sub1,eyeclose,train
data\raw\Sub3\Neutral\2885.jpg,data\processed\neutral\Sub3_2885.png,Sub3,neutral,train
data\raw\Sub2\Yawn\1346.jpg,data\processed\yawn\Sub2_1346.png,Sub2,yawn,train
data\raw\Sub3\Happy\3554.jpg,data\processed\happy\Sub3_3554.png,Sub3,happy,train
data\raw\Sub2\Neutral\961.jpg,data\processed\neutral\Sub2_961.png,Sub2,neutral,train
data\raw\Sub2\Happy\1432.jpg,data\processed\happy\Sub2_1432.png,Sub2,happy,train
data\raw\Sub3\Happy\3544.jpg,data\processed\happy\Sub3_3544.png,Sub3,happy,train
data\raw\Sub2\Yawn\1332.jpg,data\processed\yawn\Sub2_1332.png,Sub2,yawn,train
data\raw\Sub3\Neutral\2861.jpg,data\processed\neutral\Sub3_2861.png,Sub3,neutral,train
data\raw\Sub2\Eyeclose\1179.jpg,data\processed\eyeclose\Sub2_1179.png,Sub2,eyeclose,train
data\raw\Sub3\Eyeclose\3433.jpg,data\processed\eyeclose\Sub3_3433.png,Sub3,eyeclose,train
data\raw\Sub1\Neutral\170.jpg,data\processed\neutral\Sub1_170.png,Sub1,neutral,train
data\raw\Sub1\Neutral\54.jpg,data\processed\neutral\Sub1_54.png,Sub1,neutral,train
data\raw\Sub1\Eyeclose\801.jpg,data\processed\eyeclose\Sub1_801.png,Sub1,eyeclose,train
data\raw\Sub3\Yawn\3198.jpg,data\processed\yawn\Sub3_3198.png,Sub3,yawn,train
data\raw\Sub1\Neutral\131.jpg,data\processed\neutral\Sub1_131.png,Sub1,neutral,train
data\raw\Sub2\Neutral\998.jpg,data\processed\neutral\Sub2_998.png,Sub2,neutral,train
data\raw\Sub1\Neutral\101.jpg,data\processed\neutral\Sub1_101.png,Sub1,neutral,train
data\raw\Sub2\Eyeclose\1657.jpg,data\processed\eyeclose\Sub2_1657.png,Sub2,eyeclose,train
data\raw\Sub1\Eyeclose\329.jpg,data\processed\eyeclose\Sub1_329.png,Sub1,eyeclose,train
data\raw\Sub2\Happy\1452.jpg,data\processed\happy\Sub2_1452.png,Sub2,happy,train
data\raw\Sub3\Happy\3565.jpg,data\processed\happy\Sub3_3565.png,Sub3,happy,train
data\raw\Sub1\Eyeclose\361.jpg,data\processed\eyeclose\Sub1_361.png,Sub1,eyeclose,train
data\raw\Sub1\Neutral\87.jpg,data\processed\neutral\Sub1_87.png,Sub1,neutral,train
data\raw\Sub2\Neutral\1544.jpg,data\processed\neutral\Sub2_1544.png,Sub2,neutral,train
data\raw\Sub3\Neutral\2866.jpg,data\processed\neutral\Sub3_2866.png,Sub3,neutral,train
data\raw\Sub1\Yawn\495.jpg,data\processed\yawn\Sub1_495.png,Sub1,yawn,train
data\raw\Sub2\Eyeclose\1119.jpg,data\processed\eyeclose\Sub2_1119.png,Sub2,eyeclose,train
data\raw\Sub3\Eyeclose\3449.jpg,data\processed\eyeclose\Sub3_3449.png,Sub3,eyeclose,train
data\raw\Sub3\Happy\3559.jpg,data\processed\happy\Sub3_3559.png,Sub3,happy,train
data\raw\Sub3\Eyeclose\3499.jpg,data\processed\eyeclose\Sub3_3499.png,Sub3,eyeclose,train
data\raw\Sub1\Neutral\43.jpg,data\processed\neutral\Sub1_43.png,Sub1,neutral,train
data\raw\Sub1\Yawn\499.jpg,data\processed\yawn\Sub1_499.png,Sub1,yawn,train
data\raw\Sub2\Happy\1426.jpg,data\processed\happy\Sub2_1426.png,Sub2,happy,train
data\raw\Sub2\Eyeclose\1783.jpg,data\processed\eyeclose\Sub2_1783.png,Sub2,eyeclose,train
data\raw\Sub2\Eyeclose\1624.jpg,data\processed\eyeclose\Sub2_1624.png,Sub2,eyeclose,train
data\raw\Sub2\Eyeclose\1600.jpg,data\processed\eyeclose\Sub2_1600.png,Sub2,eyeclose,train
data\raw\Sub3\Eyeclose\3503.jpg,data\processed\eyeclose\Sub3_3503.png,Sub3,eyeclose,train
data\raw\Sub2\Eyeclose\1114.jpg,data\processed\eyeclose\Sub2_1114.png,Sub2,eyeclose,train
data\raw\Sub3\Eyeclose\3465.jpg,data\processed\eyeclose\Sub3_3465.png,Sub3,eyeclose,train
data\raw\Sub2\Neutral\955.jpg,data\processed\neutral\Sub2_955.png,Sub2,neutral,train
data\raw\Sub3\Yawn\3197.jpg,data\processed\yawn\Sub3_3197.png,Sub3,yawn,train
data\raw\Sub1\Eyeclose\197.jpg,data\processed\eyeclose\Sub1_197.png,Sub1,eyeclose,train
data\raw\Sub2\Happy\1495.jpg,data\processed\happy\Sub2_1495.png,Sub2,happy,train
data\raw\Sub1\Yawn\460.jpg,data\processed\yawn\Sub1_460.png,Sub1,yawn,train
data\raw\Sub1\Neutral\149.jpg,data\processed\neutral\Sub1_149.png,Sub1,neutral,train
data\raw\Sub1\Eyeclose\340.jpg,data\processed\eyeclose\Sub1_340.png,Sub1,eyeclose,train
data\raw\Sub2\Eyeclose\1757.jpg,data\processed\eyeclose\Sub2_1757.png,Sub2,eyeclose,train
data\raw\Sub2\Neutral\978.jpg,data\processed\neutral\Sub2_978.png,Sub2,neutral,train
data\raw\Sub3\Eyeclose\3428.jpg,data\processed\eyeclose\Sub3_3428.png,Sub3,eyeclose,train
data\raw\Sub3\Neutral\2820.jpg,data\processed\neutral\Sub3_2820.png,Sub3,neutral,train
data\raw\Sub3\Happy\3549.jpg,data\processed\happy\Sub3_3549.png,Sub3,happy,train
data\raw\Sub2\Happy\1465.jpg,data\processed\happy\Sub2_1465.png,Sub2,happy,train
data\raw\Sub1\Yawn\453.jpg,data\processed\yawn\Sub1_453.png,Sub1,yawn,train
data\raw\Sub2\Eyeclose\1652.jpg,data\processed\eyeclose\Sub2_1652.png,Sub2,eyeclose,train
data\raw\Sub1\Eyeclose\338.jpg,data\processed\eyeclose\Sub1_338.png,Sub1,eyeclose,train
data\raw\Sub2\Eyeclose\1626.jpg,data\processed\eyeclose\Sub2_1626.png,Sub2,eyeclose,train
data\raw\Sub2\Neutral\999.jpg,data\processed\neutral\Sub2_999.png,Sub2,neutral,train
data\raw\Sub2\Happy\1445.jpg,data\processed\happy\Sub2_1445.png,Sub2,happy,train
data\raw\Sub2\Happy\1450.jpg,data\processed\happy\Sub2_1450.png,Sub2,happy,train
data\raw\Sub3\Happy\3553.jpg,data\processed\happy\Sub3_3553.png,Sub3,happy,train
data\raw\Sub2\Eyeclose\1195.jpg,data\processed\eyeclose\Sub2_1195.png,Sub2,eyeclose,train
data\raw\Sub1\Yawn\497.jpg,data\processed\yawn\Sub1_497.png,Sub1,yawn,train
data\raw\Sub2\Happy\1463.jpg,data\processed\happy\Sub2_1463.png,Sub2,happy,train
data\raw\Sub3\Neutral\2900.jpg,data\processed\neutral\Sub3_2900.png,Sub3,neutral,train
data\raw\Sub2\Happy\1429.jpg,data\processed\happy\Sub2_1429.png,Sub2,happy,train
data\raw\Sub1\Eyeclose\210.jpg,data\processed\eyeclose\Sub1_210.png,Sub1,eyeclose,train
data\raw\Sub1\Neutral\155.jpg,data\processed\neutral\Sub1_155.png,Sub1,neutral,train
data\raw\Sub2\Eyeclose\1790.jpg,data\processed\eyeclose\Sub2_1790.png,Sub2,eyeclose,train
data\raw\Sub2\Eyeclose\1653.jpg,data\processed\eyeclose\Sub2_1653.png,Sub2,eyeclose,train
data\raw\Sub2\Eyeclose\1217.jpg,data\processed\eyeclose\Sub2_1217.png,Sub2,eyeclose,train
data\raw\Sub2\Eyeclose\1615.jpg,data\processed\eyeclose\Sub2_1615.png,Sub2,eyeclose,train
data\raw\Sub2\Neutral\987.jpg,data\processed\neutral\Sub2_987.png,Sub2,neutral,train
data\raw\Sub1\Neutral\21.jpg,data\processed\neutral\Sub1_21.png,Sub1,neutral,train
data\raw\Sub3\Neutral\2872.jpg,data\processed\neutral\Sub3_2872.png,Sub3,neutral,train
data\raw\Sub3\Yawn\3225.jpg,data\processed\yawn\Sub3_3225.png,Sub3,yawn,train
data\raw\Sub1\Neutral\46.jpg,data\processed\neutral\Sub1_46.png,Sub1,neutral,train
data\raw\Sub2\Eyeclose\1210.jpg,data\processed\eyeclose\Sub2_1210.png,Sub2,eyeclose,train
data\raw\Sub3\Yawn\3699.jpg,data\processed\yawn\Sub3_3699.png,Sub3,yawn,train
data\raw\Sub3\Neutral\2906.jpg,data\processed\neutral\Sub3_2906.png,Sub3,neutral,train
data\raw\Sub2\Eyeclose\1607.jpg,data\processed\eyeclose\Sub2_1607.png,Sub2,eyeclose,train
data\raw\Sub2\Happy\1482.jpg,data\processed\happy\Sub2_1482.png,Sub2,happy,train
data\raw\Sub2\Eyeclose\1133.jpg,data\processed\eyeclose\Sub2_1133.png,Sub2,eyeclose,train
data\raw\Sub1\Neutral\38.jpg,data\processed\neutral\Sub1_38.png,Sub1,neutral,train
data\raw\Sub1\Eyeclose\356.jpg,data\processed\eyeclose\Sub1_356.png,Sub1,eyeclose,train
data\raw\Sub2\Yawn\1327.jpg,data\processed\yawn\Sub2_1327.png,Sub2,yawn,train
data\raw\Sub1\Eyeclose\301.jpg,data\processed\eyeclose\Sub1_301.png,Sub1,eyeclose,train
data\raw\Sub2\Neutral\968.jpg,data\processed\neutral\Sub2_968.png,Sub2,neutral,train
data\raw\Sub2\Eyeclose\1166.jpg,data\processed\eyeclose\Sub2_1166.png,Sub2,eyeclose,train
data\raw\Sub2\Eyeclose\1632.jpg,data\processed\eyeclose\Sub2_1632.png,Sub2,eyeclose,train
data\raw\Sub2\Neutral\1026.jpg,data\processed\neutral\Sub2_1026.png,Sub2,neutral,train
data\raw\Sub2\Neutral\1570.jpg,data\processed\neutral\Sub2_1570.png,Sub2,neutral,train
data\raw\Sub1\Neutral\67.jpg,data\processed\neutral\Sub1_67.png,Sub1,neutral,train
data\raw\Sub3\Eyeclose\3436.jpg,data\processed\eyeclose\Sub3_3436.png,Sub3,eyeclose,train
data\raw\Sub3\Happy\3561.jpg,data\processed\happy\Sub3_3561.png,Sub3,happy,train
data\raw\Sub2\Neutral\1515.jpg,data\processed\neutral\Sub2_1515.png,Sub2,neutral,train
data\raw\Sub2\Eyeclose\1219.jpg,data\processed\eyeclose\Sub2_1219.png,Sub2,eyeclose,train
data\raw\Sub2\Neutral\985.jpg,data\processed\neutral\Sub2_985.png,Sub2,neutral,train
data\raw\Sub3\Eyeclose\3443.jpg,data\processed\eyeclose\Sub3_3443.png,Sub3,eyeclose,train
data\raw\Sub3\Yawn\3205.jpg,data\processed\yawn\Sub3_3205.png,Sub3,yawn,train
data\raw\Sub2\Eyeclose\1151.jpg,data\processed\eyeclose\Sub2_1151.png,Sub2,eyeclose,train
data\raw\Sub3\Neutral\2823.jpg,data\processed\neutral\Sub3_2823.png,Sub3,neutral,train
data\raw\Sub3\Yawn\3219.jpg,data\processed\yawn\Sub3_3219.png,Sub3,yawn,train
data\raw\Sub2\Neutral\993.jpg,data\processed\neutral\Sub2_993.png,Sub2,neutral,train
data\raw\Sub2\Eyeclose\1082.jpg,data\processed\eyeclose\Sub2_1082.png,Sub2,eyeclose,train
data\raw\Sub2\Eyeclose\1670.jpg,data\processed\eyeclose\Sub2_1670.png,Sub2,eyeclose,train
data\raw\Sub2\Neutral\1564.jpg,data\processed\neutral\Sub2_1564.png,Sub2,neutral,train
data\raw\Sub3\Eyeclose\3490.jpg,data\processed\eyeclose\Sub3_3490.png,Sub3,eyeclose,train
data\raw\Sub2\Neutral\1030.jpg,data\processed\neutral\Sub2_1030.png,Sub2,neutral,train
data\raw\Sub2\Happy\1490.jpg,data\processed\happy\Sub2_1490.png,Sub2,happy,train
data\raw\Sub2\Eyeclose\1730.jpg,data\processed\eyeclose\Sub2_1730.png,Sub2,eyeclose,train
data\raw\Sub3\Yawn\3710.jpg,data\processed\yawn\Sub3_3710.png,Sub3,yawn,train
data\raw\Sub2\Eyeclose\1199.jpg,data\processed\eyeclose\Sub2_1199.png,Sub2,eyeclose,train
data\raw\Sub3\Eyeclose\3508.jpg,data\processed\eyeclose\Sub3_3508.png,Sub3,eyeclose,train
data\raw\Sub3\Eyeclose\3505.jpg,data\processed\eyeclose\Sub3_3505.png,Sub3,eyeclose,train
data\raw\Sub3\Happy\3543.jpg,data\processed\happy\Sub3_3543.png,Sub3,happy,train
data\raw\Sub3\Neutral\2831.jpg,data\processed\neutral\Sub3_2831.png,Sub3,neutral,train
data\raw\Sub1\Eyeclose\190.jpg,data\processed\eyeclose\Sub1_190.png,Sub1,eyeclose,train
data\raw\Sub1\Eyeclose\810.jpg,data\processed\eyeclose\Sub1_810.png,Sub1,eyeclose,train
data\raw\Sub2\Eyeclose\1169.jpg,data\processed\eyeclose\Sub2_1169.png,Sub2,eyeclose,train
data\raw\Sub2\Eyeclose\1170.jpg,data\processed\eyeclose\Sub2_1170.png,Sub2,eyeclose,train
data\raw\Sub2\Eyeclose\1641.jpg,data\processed\eyeclose\Sub2_1641.png,Sub2,eyeclose,train
data\raw\Sub3\Eyeclose\3501.jpg,data\processed\eyeclose\Sub3_3501.png,Sub3,eyeclose,train
data\raw\Sub3\Yawn\3232.jpg,data\processed\yawn\Sub3_3232.png,Sub3,yawn,train
data\raw\Sub1\Neutral\91.jpg,data\processed\neutral\Sub1_91.png,Sub1,neutral,train
data\raw\Sub1\Neutral\42.jpg,data\processed\neutral\Sub1_42.png,Sub1,neutral,train
data\raw\Sub2\Eyeclose\1744.jpg,data\processed\eyeclose\Sub2_1744.png,Sub2,eyeclose,train
data\raw\Sub2\Eyeclose\1184.jpg,data\processed\eyeclose\Sub2_1184.png,Sub2,eyeclose,train
data\raw\Sub2\Eyeclose\1722.jpg,data\processed\eyeclose\Sub2_1722.png,Sub2,eyeclose,train
data\raw\Sub1\Yawn\486.jpg,data\processed\yawn\Sub1_486.png,Sub1,yawn,train
data\raw\Sub3\Eyeclose\3441.jpg,data\processed\eyeclose\Sub3_3441.png,Sub3,eyeclose,train
data\raw\Sub3\Eyeclose\3440.jpg,data\processed\eyeclose\Sub3_3440.png,Sub3,eyeclose,train
data\raw\Sub1\Eyeclose\781.jpg,data\processed\eyeclose\Sub1_781.png,Sub1,eyeclose,train
data\raw\Sub3\Neutral\2882.jpg,data\processed\neutral\Sub3_2882.png,Sub3,neutral,train
data\raw\Sub1\Yawn\449.jpg,data\processed\yawn\Sub1_449.png,Sub1,yawn,train
data\raw\Sub1\Eyeclose\789.jpg,data\processed\eyeclose\Sub1_789.png,Sub1,eyeclose,train
data\raw\Sub3\Eyeclose\2963.jpg,data\processed\eyeclose\Sub3_2963.png,Sub3,eyeclose,train
data\raw\Sub3\Happy\3573.jpg,data\processed\happy\Sub3_3573.png,Sub3,happy,train
data\raw\Sub2\Happy\1477.jpg,data\processed\happy\Sub2_1477.png,Sub2,happy,train
data\raw\Sub2\Neutral\1543.jpg,data\processed\neutral\Sub2_1543.png,Sub2,neutral,train
data\raw\Sub2\Eyeclose\1191.jpg,data\processed\eyeclose\Sub2_1191.png,Sub2,eyeclose,train
data\raw\Sub2\Eyeclose\1780.jpg,data\processed\eyeclose\Sub2_1780.png,Sub2,eyeclose,train
data\raw\Sub1\Eyeclose\327.jpg,data\processed\eyeclose\Sub1_327.png,Sub1,eyeclose,train
data\raw\Sub1\Neutral\9.jpg,data\processed\neutral\Sub1_9.png,Sub1,neutral,train
data\raw\Sub3\Neutral\2850.jpg,data\processed\neutral\Sub3_2850.png,Sub3,neutral,train
data\raw\Sub1\Yawn\491.jpg,data\processed\yawn\Sub1_491.png,Sub1,yawn,train
data\raw\Sub1\Eyeclose\345.jpg,data\processed\eyeclose\Sub1_345.png,Sub1,eyeclose,train
data\raw\Sub2\Eyeclose\1593.jpg,data\processed\eyeclose\Sub2_1593.png,Sub2,eyeclose,train
data\raw\Sub2\Neutral\1539.jpg,data\processed\neutral\Sub2_1539.png,Sub2,neutral,train
data\raw\Sub2\Happy\1430.jpg,data\processed\happy\Sub2_1430.png,Sub2,happy,train
data\raw\Sub1\Neutral\80.jpg,data\processed\neutral\Sub1_80.png,Sub1,neutral,train
data\raw\Sub2\Eyeclose\1181.jpg,data\processed\eyeclose\Sub2_1181.png,Sub2,eyeclose,train
data\raw\Sub2\Happy\1491.jpg,data\processed\happy\Sub2_1491.png,Sub2,happy,train
data\raw\Sub1\Neutral\130.jpg,data\processed\neutral\Sub1_130.png,Sub1,neutral,train
data\raw\Sub1\Eyeclose\808.jpg,data\processed\eyeclose\Sub1_808.png,Sub1,eyeclose,train
data\raw\Sub2\Eyeclose\1610.jpg,data\processed\eyeclose\Sub2_1610.png,Sub2,eyeclose,train
data\raw\Sub1\Eyeclose\782.jpg,data\processed\eyeclose\Sub1_782.png,Sub1,eyeclose,train
data\raw\Sub2\Eyeclose\1762.jpg,data\processed\eyeclose\Sub2_1762.png,Sub2,eyeclose,train
data\raw\Sub2\Happy\1456.jpg,data\processed\happy\Sub2_1456.png,Sub2,happy,train
data\raw\Sub2\Neutral\1574.jpg,data\processed\neutral\Sub2_1574.png,Sub2,neutral,train
data\raw\Sub2\Eyeclose\1599.jpg,data\processed\eyeclose\Sub2_1599.png,Sub2,eyeclose,train
data\raw\Sub2\Yawn\1309.jpg,data\processed\yawn\Sub2_1309.png,Sub2,yawn,train
data\raw\Sub2\Eyeclose\1751.jpg,data\processed\eyeclose\Sub2_1751.png,Sub2,eyeclose,train
data\raw\Sub1\Neutral\16.jpg,data\processed\neutral\Sub1_16.png,Sub1,neutral,train
data\raw\Sub1\Eyeclose\331.jpg,data\processed\eyeclose\Sub1_331.png,Sub1,eyeclose,train
data\raw\Sub2\Eyeclose\1743.jpg,data\processed\eyeclose\Sub2_1743.png,Sub2,eyeclose,train
data\raw\Sub1\Neutral\125.jpg,data\processed\neutral\Sub1_125.png,Sub1,neutral,train
data\raw\Sub3\Eyeclose\3507.jpg,data\processed\eyeclose\Sub3_3507.png,Sub3,eyeclose,train
data\raw\Sub2\Eyeclose\1782.jpg,data\processed\eyeclose\Sub2_1782.png,Sub2,eyeclose,train
data\raw\Sub1\Neutral\105.jpg,data\processed\neutral\Sub1_105.png,Sub1,neutral,train
data\raw\Sub2\Neutral\1001.jpg,data\processed\neutral\Sub2_1001.png,Sub2,neutral,train
data\raw\Sub2\Neutral\1558.jpg,data\processed\neutral\Sub2_1558.png,Sub2,neutral,train
data\raw\Sub3\Eyeclose\2938.jpg,data\processed\eyeclose\Sub3_2938.png,Sub3,eyeclose,train
data\raw\Sub2\Eyeclose\1592.jpg,data\processed\eyeclose\Sub2_1592.png,Sub2,eyeclose,train
data\raw\Sub3\Eyeclose\2948.jpg,data\processed\eyeclose\Sub3_2948.png,Sub3,eyeclose,train
data\raw\Sub3\Neutral\2838.jpg,data\processed\neutral\Sub3_2838.png,Sub3,neutral,train
data\raw\Sub2\Eyeclose\1750.jpg,data\processed\eyeclose\Sub2_1750.png,Sub2,eyeclose,train
data\raw\Sub3\Yawn\3701.jpg,data\processed\yawn\Sub3_3701.png,Sub3,yawn,train
data\raw\Sub3\Neutral\2864.jpg,data\processed\neutral\Sub3_2864.png,Sub3,neutral,train
data\raw\Sub2\Eyeclose\1740.jpg,data\processed\eyeclose\Sub2_1740.png,Sub2,eyeclose,train
data\raw\Sub1\Neutral\133.jpg,data\processed\neutral\Sub1_133.png,Sub1,neutral,train
data\raw\Sub2\Neutral\1550.jpg,data\processed\neutral\Sub2_1550.png,Sub2,neutral,train
data\raw\Sub3\Yawn\3700.jpg,data\processed\yawn\Sub3_3700.png,Sub3,yawn,train
data\raw\Sub2\Neutral\1018.jpg,data\processed\neutral\Sub2_1018.png,Sub2,neutral,train
data\raw\Sub3\Eyeclose\3477.jpg,data\processed\eyeclose\Sub3_3477.png,Sub3,eyeclose,train
data\raw\Sub2\Yawn\1307.jpg,data\processed\yawn\Sub2_1307.png,Sub2,yawn,train
data\raw\Sub1\Eyeclose\795.jpg,data\processed\eyeclose\Sub1_795.png,Sub1,eyeclose,train
data\raw\Sub3\Eyeclose\2959.jpg,data\processed\eyeclose\Sub3_2959.png,Sub3,eyeclose,train
data\raw\Sub3\Neutral\2901.jpg,data\processed\neutral\Sub3_2901.png,Sub3,neutral,train
data\raw\Sub3\Eyeclose\3435.jpg,data\processed\eyeclose\Sub3_3435.png,Sub3,eyeclose,train
data\raw\Sub2\Eyeclose\1097.jpg,data\processed\eyeclose\Sub2_1097.png,Sub2,eyeclose,train
data\raw\Sub1\Neutral\114.jpg,data\processed\neutral\Sub1_114.png,Sub1,neutral,train
data\raw\Sub1\Neutral\82.jpg,data\processed\neutral\Sub1_82.png,Sub1,neutral,train
data\raw\Sub3\Neutral\2825.jpg,data\processed\neutral\Sub3_2825.png,Sub3,neutral,train
data\raw\Sub2\Eyeclose\1149.jpg,data\processed\eyeclose\Sub2_1149.png,Sub2,eyeclose,train
data\raw\Sub3\Eyeclose\3446.jpg,data\processed\eyeclose\Sub3_3446.png,Sub3,eyeclose,train
data\raw\Sub1\Neutral\108.jpg,data\processed\neutral\Sub1_108.png,Sub1,neutral,train
data\raw\Sub3\Eyeclose\3497.jpg,data\processed\eyeclose\Sub3_3497.png,Sub3,eyeclose,train
data\raw\Sub3\Neutral\2860.jpg,data\processed\neutral\Sub3_2860.png,Sub3,neutral,train
data\raw\Sub2\Eyeclose\1767.jpg,data\processed\eyeclose\Sub2_1767.png,Sub2,eyeclose,train
data\raw\Sub3\Neutral\2856.jpg,data\processed\neutral\Sub3_2856.png,Sub3,neutral,train
data\raw\Sub2\Eyeclose\1687.jpg,data\processed\eyeclose\Sub2_1687.png,Sub2,eyeclose,train
data\raw\Sub1\Yawn\476.jpg,data\processed\yawn\Sub1_476.png,Sub1,yawn,train
data\raw\Sub1\Neutral\47.jpg,data\processed\neutral\Sub1_47.png,Sub1,neutral,train
data\raw\Sub3\Neutral\2892.jpg,data\processed\neutral\Sub3_2892.png,Sub3,neutral,train
data\raw\Sub2\Eyeclose\1127.jpg,data\processed\eyeclose\Sub2_1127.png,Sub2,eyeclose,train
data\raw\Sub1\Eyeclose\344.jpg,data\processed\eyeclose\Sub1_344.png,Sub1,eyeclose,train
data\raw\Sub2\Neutral\1019.jpg,data\processed\neutral\Sub2_1019.png,Sub2,neutral,train
data\raw\Sub2\Eyeclose\1764.jpg,data\processed\eyeclose\Sub2_1764.png,Sub2,eyeclose,train
data\raw\Sub1\Eyeclose\192.jpg,data\processed\eyeclose\Sub1_192.png,Sub1,eyeclose,train
data\raw\Sub3\Eyeclose\3444.jpg,data\processed\eyeclose\Sub3_3444.png,Sub3,eyeclose,train
data\raw\Sub1\Neutral\23.jpg,data\processed\neutral\Sub1_23.png,Sub1,neutral,train
data\raw\Sub2\Neutral\991.jpg,data\processed\neutral\Sub2_991.png,Sub2,neutral,train
data\raw\Sub2\Eyeclose\1742.jpg,data\processed\eyeclose\Sub2_1742.png,Sub2,eyeclose,train
data\raw\Sub1\Yawn\465.jpg,data\processed\yawn\Sub1_465.png,Sub1,yawn,train
data\raw\Sub2\Yawn\1339.jpg,data\processed\yawn\Sub2_1339.png,Sub2,yawn,train
data\raw\Sub2\Happy\1475.jpg,data\processed\happy\Sub2_1475.png,Sub2,happy,train
data\raw\Sub1\Eyeclose\807.jpg,data\processed\eyeclose\Sub1_807.png,Sub1,eyeclose,train
data\raw\Sub2\Eyeclose\1078.jpg,data\processed\eyeclose\Sub2_1078.png,Sub2,eyeclose,train
data\raw\Sub2\Eyeclose\1157.jpg,data\processed\eyeclose\Sub2_1157.png,Sub2,eyeclose,train
data\raw\Sub2\Yawn\1336.jpg,data\processed\yawn\Sub2_1336.png,Sub2,yawn,train
data\raw\Sub2\Eyeclose\1787.jpg,data\processed\eyeclose\Sub2_1787.png,Sub2,eyeclose,train
data\raw\Sub2\Eyeclose\1595.jpg,data\processed\eyeclose\Sub2_1595.png,Sub2,eyeclose,train
data\raw\Sub1\Eyeclose\324.jpg,data\processed\eyeclose\Sub1_324.png,Sub1,eyeclose,train
data\raw\Sub2\Eyeclose\1083.jpg,data\processed\eyeclose\Sub2_1083.png,Sub2,eyeclose,train
data\raw\Sub1\Eyeclose\778.jpg,data\processed\eyeclose\Sub1_778.png,Sub1,eyeclose,train
data\raw\Sub3\Yawn\3211.jpg,data\processed\yawn\Sub3_3211.png,Sub3,yawn,train
data\raw\Sub3\Eyeclose\2967.jpg,data\processed\eyeclose\Sub3_2967.png,Sub3,eyeclose,train
data\raw\Sub3\Neutral\2870.jpg,data\processed\neutral\Sub3_2870.png,Sub3,neutral,train
data\raw\Sub2\Neutral\977.jpg,data\processed\neutral\Sub2_977.png,Sub2,neutral,train
data\raw\Sub2\Eyeclose\1643.jpg,data\processed\eyeclose\Sub2_1643.png,Sub2,eyeclose,train
data\raw\Sub2\Eyeclose\1723.jpg,data\processed\eyeclose\Sub2_1723.png,Sub2,eyeclose,train
data\raw\Sub1\Yawn\466.jpg,data\processed\yawn\Sub1_466.png,Sub1,yawn,train
data\raw\Sub2\Yawn\1329.jpg,data\processed\yawn\Sub2_1329.png,Sub2,yawn,train
data\raw\Sub2\Eyeclose\1131.jpg,data\processed\eyeclose\Sub2_1131.png,Sub2,eyeclose,train
data\raw\Sub2\Eyeclose\1096.jpg,data\processed\eyeclose\Sub2_1096.png,Sub2,eyeclose,train
data\raw\Sub2\Eyeclose\1139.jpg,data\processed\eyeclose\Sub2_1139.png,Sub2,eyeclose,train
data\raw\Sub1\Neutral\146.jpg,data\processed\neutral\Sub1_146.png,Sub1,neutral,train
data\raw\Sub2\Neutral\1537.jpg,data\processed\neutral\Sub2_1537.png,Sub2,neutral,train
data\raw\Sub2\Happy\1444.jpg,data\processed\happy\Sub2_1444.png,Sub2,happy,train
data\raw\Sub3\Eyeclose\3527.jpg,data\processed\eyeclose\Sub3_3527.png,Sub3,eyeclose,train
data\raw\Sub3\Eyeclose\3492.jpg,data\processed\eyeclose\Sub3_3492.png,Sub3,eyeclose,train
data\raw\Sub2\Yawn\1299.jpg,data\processed\yawn\Sub2_1299.png,Sub2,yawn,train
data\raw\Sub1\Neutral\18.jpg,data\processed\neutral\Sub1_18.png,Sub1,neutral,train
data\raw\Sub2\Neutral\950.jpg,data\processed\neutral\Sub2_950.png,Sub2,neutral,train
data\raw\Sub1\Eyeclose\352.jpg,data\processed\eyeclose\Sub1_352.png,Sub1,eyeclose,train
data\raw\Sub3\Eyeclose\2953.jpg,data\processed\eyeclose\Sub3_2953.png,Sub3,eyeclose,train
data\raw\Sub2\Neutral\971.jpg,data\processed\neutral\Sub2_971.png,Sub2,neutral,train
data\raw\Sub3\Yawn\3206.jpg,data\processed\yawn\Sub3_3206.png,Sub3,yawn,train
data\raw\Sub3\Neutral\2891.jpg,data\processed\neutral\Sub3_2891.png,Sub3,neutral,train
data\raw\Sub2\Neutral\940.jpg,data\processed\neutral\Sub2_940.png,Sub2,neutral,train
data\raw\Sub2\Neutral\1560.jpg,data\processed\neutral\Sub2_1560.png,Sub2,neutral,train
data\raw\Sub3\Eyeclose\3509.jpg,data\processed\eyeclose\Sub3_3509.png,Sub3,eyeclose,train
data\raw\Sub1\Neutral\107.jpg,data\processed\neutral\Sub1_107.png,Sub1,neutral,train
data\raw\Sub2\Neutral\1547.jpg,data\processed\neutral\Sub2_1547.png,Sub2,neutral,train
data\raw\Sub1\Neutral\72.jpg,data\processed\neutral\Sub1_72.png,Sub1,neutral,train
data\raw\Sub2\Eyeclose\1640.jpg,data\processed\eyeclose\Sub2_1640.png,Sub2,eyeclose,train
data\raw\Sub2\Neutral\1009.jpg,data\processed\neutral\Sub2_1009.png,Sub2,neutral,train
data\raw\Sub3\Eyeclose\3494.jpg,data\processed\eyeclose\Sub3_3494.png,Sub3,eyeclose,train
data\raw\Sub1\Eyeclose\203.jpg,data\processed\eyeclose\Sub1_203.png,Sub1,eyeclose,train
data\raw\Sub2\Eyeclose\1748.jpg,data\processed\eyeclose\Sub2_1748.png,Sub2,eyeclose,train
data\raw\Sub2\Neutral\944.jpg,data\processed\neutral\Sub2_944.png,Sub2,neutral,train
data\raw\Sub2\Yawn\1316.jpg,data\processed\yawn\Sub2_1316.png,Sub2,yawn,train
data\raw\Sub2\Eyeclose\1721.jpg,data\processed\eyeclose\Sub2_1721.png,Sub2,eyeclose,train
data\raw\Sub2\Eyeclose\1749.jpg,data\processed\eyeclose\Sub2_1749.png,Sub2,eyeclose,train
data\raw\Sub1\Yawn\473.jpg,data\processed\yawn\Sub1_473.png,Sub1,yawn,train
data\raw\Sub2\Neutral\1005.jpg,data\processed\neutral\Sub2_1005.png,Sub2,neutral,train
data\raw\Sub2\Yawn\1320.jpg,data\processed\yawn\Sub2_1320.png,Sub2,yawn,train
data\raw\Sub1\Neutral\27.jpg,data\processed\neutral\Sub1_27.png,Sub1,neutral,train
data\raw\Sub2\Neutral\931.jpg,data\processed\neutral\Sub2_931.png,Sub2,neutral,train
data\raw\Sub1\Eyeclose\809.jpg,data\processed\eyeclose\Sub1_809.png,Sub1,eyeclose,train
data\raw\Sub3\Happy\3557.jpg,data\processed\happy\Sub3_3557.png,Sub3,happy,train
data\raw\Sub3\Eyeclose\3439.jpg,data\processed\eyeclose\Sub3_3439.png,Sub3,eyeclose,train
data\raw\Sub3\Neutral\2846.jpg,data\processed\neutral\Sub3_2846.png,Sub3,neutral,train
data\raw\Sub2\Eyeclose\1644.jpg,data\processed\eyeclose\Sub2_1644.png,Sub2,eyeclose,train
data\raw\Sub3\Eyeclose\3429.jpg,data\processed\eyeclose\Sub3_3429.png,Sub3,eyeclose,train
data\raw\Sub1\Neutral\118.jpg,data\processed\neutral\Sub1_118.png,Sub1,neutral,train
data\raw\Sub2\Eyeclose\1142.jpg,data\processed\eyeclose\Sub2_1142.png,Sub2,eyeclose,train
data\raw\Sub2\Yawn\1300.jpg,data\processed\yawn\Sub2_1300.png,Sub2,yawn,train
data\raw\Sub3\Eyeclose\3475.jpg,data\processed\eyeclose\Sub3_3475.png,Sub3,eyeclose,train
data\raw\Sub2\Eyeclose\1746.jpg,data\processed\eyeclose\Sub2_1746.png,Sub2,eyeclose,train
data\raw\Sub1\Eyeclose\308.jpg,data\processed\eyeclose\Sub1_308.png,Sub1,eyeclose,train
data\raw\Sub3\Neutral\2895.jpg,data\processed\neutral\Sub3_2895.png,Sub3,neutral,train
data\raw\Sub2\Eyeclose\1649.jpg,data\processed\eyeclose\Sub2_1649.png,Sub2,eyeclose,train
data\raw\Sub2\Neutral\964.jpg,data\processed\neutral\Sub2_964.png,Sub2,neutral,train
data\raw\Sub2\Eyeclose\1738.jpg,data\processed\eyeclose\Sub2_1738.png,Sub2,eyeclose,train
data\raw\Sub3\Eyeclose\3451.jpg,data\processed\eyeclose\Sub3_3451.png,Sub3,eyeclose,train
data\raw\Sub2\Eyeclose\1650.jpg,data\processed\eyeclose\Sub2_1650.png,Sub2,eyeclose,train
data\raw\Sub2\Neutral\1546.jpg,data\processed\neutral\Sub2_1546.png,Sub2,neutral,train
data\raw\Sub3\Happy\3572.jpg,data\processed\happy\Sub3_3572.png,Sub3,happy,train
data\raw\Sub2\Yawn\1313.jpg,data\processed\yawn\Sub2_1313.png,Sub2,yawn,train
data\raw\Sub3\Eyeclose\3514.jpg,data\processed\eyeclose\Sub3_3514.png,Sub3,eyeclose,train
data\raw\Sub2\Eyeclose\1616.jpg,data\processed\eyeclose\Sub2_1616.png,Sub2,eyeclose,train
data\raw\Sub2\Eyeclose\1658.jpg,data\processed\eyeclose\Sub2_1658.png,Sub2,eyeclose,train
data\raw\Sub1\Neutral\135.jpg,data\processed\neutral\Sub1_135.png,Sub1,neutral,train
data\raw\Sub1\Eyeclose\321.jpg,data\processed\eyeclose\Sub1_321.png,Sub1,eyeclose,train
data\raw\Sub3\Neutral\2836.jpg,data\processed\neutral\Sub3_2836.png,Sub3,neutral,train
data\raw\Sub2\Neutral\989.jpg,data\processed\neutral\Sub2_989.png,Sub2,neutral,train
data\raw\Sub2\Neutral\962.jpg,data\processed\neutral\Sub2_962.png,Sub2,neutral,train
data\raw\Sub3\Eyeclose\3445.jpg,data\processed\eyeclose\Sub3_3445.png,Sub3,eyeclose,train
data\raw\Sub1\Neutral\166.jpg,data\processed\neutral\Sub1_166.png,Sub1,neutral,train
data\raw\Sub3\Neutral\2874.jpg,data\processed\neutral\Sub3_2874.png,Sub3,neutral,train
data\raw\Sub1\Eyeclose\176.jpg,data\processed\eyeclose\Sub1_176.png,Sub1,eyeclose,train
data\raw\Sub1\Neutral\121.jpg,data\processed\neutral\Sub1_121.png,Sub1,neutral,train
data\raw\Sub2\Eyeclose\1765.jpg,data\processed\eyeclose\Sub2_1765.png,Sub2,eyeclose,train
data\raw\Sub2\Happy\1496.jpg,data\processed\happy\Sub2_1496.png,Sub2,happy,train
data\raw\Sub2\Yawn\1306.jpg,data\processed\yawn\Sub2_1306.png,Sub2,yawn,train
data\raw\Sub1\Neutral\83.jpg,data\processed\neutral\Sub1_83.png,Sub1,neutral,train
data\raw\Sub1\Eyeclose\307.jpg,data\processed\eyeclose\Sub1_307.png,Sub1,eyeclose,train
data\raw\Sub1\Eyeclose\189.jpg,data\processed\eyeclose\Sub1_189.png,Sub1,eyeclose,train
data\raw\Sub2\Eyeclose\1214.jpg,data\processed\eyeclose\Sub2_1214.png,Sub2,eyeclose,train
data\raw\Sub1\Neutral\20.jpg,data\processed\neutral\Sub1_20.png,Sub1,neutral,train
data\raw\Sub1\Neutral\64.jpg,data\processed\neutral\Sub1_64.png,Sub1,neutral,train
data\raw\Sub1\Neutral\97.jpg,data\processed\neutral\Sub1_97.png,Sub1,neutral,train
data\raw\Sub1\Eyeclose\780.jpg,data\processed\eyeclose\Sub1_780.png,Sub1,eyeclose,train
data\raw\Sub3\Happy\3570.jpg,data\processed\happy\Sub3_3570.png,Sub3,happy,train
data\raw\Sub1\Eyeclose\184.jpg,data\processed\eyeclose\Sub1_184.png,Sub1,eyeclose,train
data\raw\Sub2\Eyeclose\1678.jpg,data\processed\eyeclose\Sub2_1678.png,Sub2,eyeclose,train
data\raw\Sub3\Yawn\3713.jpg,data\processed\yawn\Sub3_3713.png,Sub3,yawn,train
data\raw\Sub2\Eyeclose\1145.jpg,data\processed\eyeclose\Sub2_1145.png,Sub2,eyeclose,train
data\raw\Sub1\Neutral\70.jpg,data\processed\neutral\Sub1_70.png,Sub1,neutral,train
data\raw\Sub3\Eyeclose\3421.jpg,data\processed\eyeclose\Sub3_3421.png,Sub3,eyeclose,train
data\raw\Sub2\Eyeclose\1590.jpg,data\processed\eyeclose\Sub2_1590.png,Sub2,eyeclose,train
data\raw\Sub2\Happy\1449.jpg,data\processed\happy\Sub2_1449.png,Sub2,happy,train
data\raw\Sub2\Neutral\1535.jpg,data\processed\neutral\Sub2_1535.png,Sub2,neutral,train
data\raw\Sub2\Eyeclose\1116.jpg,data\processed\eyeclose\Sub2_1116.png,Sub2,eyeclose,train
data\raw\Sub1\Eyeclose\183.jpg,data\processed\eyeclose\Sub1_183.png,Sub1,eyeclose,train
data\raw\Sub3\Eyeclose\2944.jpg,data\processed\eyeclose\Sub3_2944.png,Sub3,eyeclose,train
data\raw\Sub1\Yawn\456.jpg,data\processed\yawn\Sub1_456.png,Sub1,yawn,train
data\raw\Sub1\Eyeclose\787.jpg,data\processed\eyeclose\Sub1_787.png,Sub1,eyeclose,train
data\raw\Sub3\Happy\3547.jpg,data\processed\happy\Sub3_3547.png,Sub3,happy,train
data\raw\Sub2\Neutral\973.jpg,data\processed\neutral\Sub2_973.png,Sub2,neutral,train
data\raw\Sub2\Eyeclose\1637.jpg,data\processed\eyeclose\Sub2_1637.png,Sub2,eyeclose,train
data\raw\Sub2\Eyeclose\1662.jpg,data\processed\eyeclose\Sub2_1662.png,Sub2,eyeclose,train
data\raw\Sub2\Neutral\990.jpg,data\processed\neutral\Sub2_990.png,Sub2,neutral,train
data\raw\Sub1\Eyeclose\811.jpg,data\processed\eyeclose\Sub1_811.png,Sub1,eyeclose,train
data\raw\Sub3\Neutral\2888.jpg,data\processed\neutral\Sub3_2888.png,Sub3,neutral,train
data\raw\Sub2\Neutral\1011.jpg,data\processed\neutral\Sub2_1011.png,Sub2,neutral,train
data\raw\Sub1\Eyeclose\342.jpg,data\processed\eyeclose\Sub1_342.png,Sub1,eyeclose,train
data\raw\Sub1\Yawn\452.jpg,data\processed\yawn\Sub1_452.png,Sub1,yawn,train
data\raw\Sub1\Eyeclose\322.jpg,data\processed\eyeclose\Sub1_322.png,Sub1,eyeclose,train
data\raw\Sub2\Eyeclose\1617.jpg,data\processed\eyeclose\Sub2_1617.png,Sub2,eyeclose,train
data\raw\Sub1\Eyeclose\790.jpg,data\processed\eyeclose\Sub1_790.png,Sub1,eyeclose,train
data\raw\Sub1\Neutral\102.jpg,data\processed\neutral\Sub1_102.png,Sub1,neutral,train
data\raw\Sub3\Neutral\2893.jpg,data\processed\neutral\Sub3_2893.png,Sub3,neutral,train
data\raw\Sub1\Neutral\104.jpg,data\processed\neutral\Sub1_104.png,Sub1,neutral,train
data\raw\Sub1\Yawn\492.jpg,data\processed\yawn\Sub1_492.png,Sub1,yawn,train
data\raw\Sub2\Neutral\1002.jpg,data\processed\neutral\Sub2_1002.png,Sub2,neutral,train
data\raw\Sub2\Neutral\1527.jpg,data\processed\neutral\Sub2_1527.png,Sub2,neutral,train
data\raw\Sub3\Eyeclose\2952.jpg,data\processed\eyeclose\Sub3_2952.png,Sub3,eyeclose,train
data\raw\Sub1\Yawn\501.jpg,data\processed\yawn\Sub1_501.png,Sub1,yawn,train
data\raw\Sub3\Neutral\2867.jpg,data\processed\neutral\Sub3_2867.png,Sub3,neutral,train
data\raw\Sub2\Happy\1474.jpg,data\processed\happy\Sub2_1474.png,Sub2,happy,train
data\raw\Sub1\Eyeclose\312.jpg,data\processed\eyeclose\Sub1_312.png,Sub1,eyeclose,train
data\raw\Sub2\Eyeclose\1665.jpg,data\processed\eyeclose\Sub2_1665.png,Sub2,eyeclose,train
data\raw\Sub1\Neutral\32.jpg,data\processed\neutral\Sub1_32.png,Sub1,neutral,train
data\raw\Sub1\Neutral\37.jpg,data\processed\neutral\Sub1_37.png,Sub1,neutral,train
data\raw\Sub2\Happy\1489.jpg,data\processed\happy\Sub2_1489.png,Sub2,happy,train
data\raw\Sub3\Eyeclose\3458.jpg,data\processed\eyeclose\Sub3_3458.png,Sub3,eyeclose,train
data\raw\Sub1\Yawn\459.jpg,data\processed\yawn\Sub1_459.png,Sub1,yawn,train
data\raw\Sub3\Eyeclose\3453.jpg,data\processed\eyeclose\Sub3_3453.png,Sub3,eyeclose,train
data\raw\Sub1\Eyeclose\818.jpg,data\processed\eyeclose\Sub1_818.png,Sub1,eyeclose,train
data\raw\Sub2\Eyeclose\1676.jpg,data\processed\eyeclose\Sub2_1676.png,Sub2,eyeclose,train
data\raw\Sub3\Eyeclose\3467.jpg,data\processed\eyeclose\Sub3_3467.png,Sub3,eyeclose,train
data\raw\Sub1\Neutral\78.jpg,data\processed\neutral\Sub1_78.png,Sub1,neutral,train
data\raw\Sub2\Happy\1424.jpg,data\processed\happy\Sub2_1424.png,Sub2,happy,train
data\raw\Sub1\Eyeclose\330.jpg,data\processed\eyeclose\Sub1_330.png,Sub1,eyeclose,train
data\raw\Sub2\Neutral\976.jpg,data\processed\neutral\Sub2_976.png,Sub2,neutral,train
data\raw\Sub2\Neutral\981.jpg,data\processed\neutral\Sub2_981.png,Sub2,neutral,train
data\raw\Sub1\Neutral\40.jpg,data\processed\neutral\Sub1_40.png,Sub1,neutral,train
data\raw\Sub3\Eyeclose\3463.jpg,data\processed\eyeclose\Sub3_3463.png,Sub3,eyeclose,train
data\raw\Sub3\Neutral\2890.jpg,data\processed\neutral\Sub3_2890.png,Sub3,neutral,train
data\raw\Sub2\Eyeclose\1194.jpg,data\processed\eyeclose\Sub2_1194.png,Sub2,eyeclose,train
data\raw\Sub2\Happy\1486.jpg,data\processed\happy\Sub2_1486.png,Sub2,happy,train
data\raw\Sub3\Eyeclose\3461.jpg,data\processed\eyeclose\Sub3_3461.png,Sub3,eyeclose,train
data\raw\Sub1\Eyeclose\191.jpg,data\processed\eyeclose\Sub1_191.png,Sub1,eyeclose,train
data\raw\Sub1\Neutral\6.jpg,data\processed\neutral\Sub1_6.png,Sub1,neutral,train
data\raw\Sub1\Eyeclose\360.jpg,data\processed\eyeclose\Sub1_360.png,Sub1,eyeclose,train
data\raw\Sub1\Neutral\56.jpg,data\processed\neutral\Sub1_56.png,Sub1,neutral,train
data\raw\Sub1\Neutral\34.jpg,data\processed\neutral\Sub1_34.png,Sub1,neutral,train
data\raw\Sub2\Eyeclose\1774.jpg,data\processed\eyeclose\Sub2_1774.png,Sub2,eyeclose,train
data\raw\Sub1\Neutral\150.jpg,data\processed\neutral\Sub1_150.png,Sub1,neutral,train
data\raw\Sub2\Neutral\1541.jpg,data\processed\neutral\Sub2_1541.png,Sub2,neutral,train
data\raw\Sub2\Yawn\1314.jpg,data\processed\yawn\Sub2_1314.png,Sub2,yawn,train
data\raw\Sub1\Neutral\129.jpg,data\processed\neutral\Sub1_129.png,Sub1,neutral,train
data\raw\Sub1\Yawn\447.jpg,data\processed\yawn\Sub1_447.png,Sub1,yawn,train
data\raw\Sub3\Eyeclose\3437.jpg,data\processed\eyeclose\Sub3_3437.png,Sub3,eyeclose,train
data\raw\Sub1\Yawn\487.jpg,data\processed\yawn\Sub1_487.png,Sub1,yawn,train
data\raw\Sub2\Happy\1461.jpg,data\processed\happy\Sub2_1461.png,Sub2,happy,train
data\raw\Sub2\Yawn\1337.jpg,data\processed\yawn\Sub2_1337.png,Sub2,yawn,train
data\raw\Sub1\Eyeclose\311.jpg,data\processed\eyeclose\Sub1_311.png,Sub1,eyeclose,train
data\raw\Sub2\Yawn\1338.jpg,data\processed\yawn\Sub2_1338.png,Sub2,yawn,train
data\raw\Sub2\Eyeclose\1204.jpg,data\processed\eyeclose\Sub2_1204.png,Sub2,eyeclose,train
data\raw\Sub3\Yawn\3209.jpg,data\processed\yawn\Sub3_3209.png,Sub3,yawn,train
data\raw\Sub1\Eyeclose\328.jpg,data\processed\eyeclose\Sub1_328.png,Sub1,eyeclose,train
data\raw\Sub2\Neutral\984.jpg,data\processed\neutral\Sub2_984.png,Sub2,neutral,train
data\raw\Sub2\Neutral\949.jpg,data\processed\neutral\Sub2_949.png,Sub2,neutral,train
data\raw\Sub3\Eyeclose\3484.jpg,data\processed\eyeclose\Sub3_3484.png,Sub3,eyeclose,train
data\raw\Sub3\Yawn\3224.jpg,data\processed\yawn\Sub3_3224.png,Sub3,yawn,train
data\raw\Sub2\Neutral\1536.jpg,data\processed\neutral\Sub2_1536.png,Sub2,neutral,train
data\raw\Sub1\Eyeclose\805.jpg,data\processed\eyeclose\Sub1_805.png,Sub1,eyeclose,train
data\raw\Sub1\Neutral\143.jpg,data\processed\neutral\Sub1_143.png,Sub1,neutral,train
data\raw\Sub2\Eyeclose\1123.jpg,data\processed\eyeclose\Sub2_1123.png,Sub2,eyeclose,train
data\raw\Sub1\Neutral\96.jpg,data\processed\neutral\Sub1_96.png,Sub1,neutral,train
data\raw\Sub2\Happy\1462.jpg,data\processed\happy\Sub2_1462.png,Sub2,happy,train
data\raw\Sub1\Neutral\92.jpg,data\processed\neutral\Sub1_92.png,Sub1,neutral,train
data\raw\Sub2\Eyeclose\1659.jpg,data\processed\eyeclose\Sub2_1659.png,Sub2,eyeclose,train
data\raw\Sub3\Neutral\2899.jpg,data\processed\neutral\Sub3_2899.png,Sub3,neutral,train
data\raw\Sub1\Neutral\113.jpg,data\processed\neutral\Sub1_113.png,Sub1,neutral,train
data\raw\Sub1\Eyeclose\213.jpg,data\processed\eyeclose\Sub1_213.png,Sub1,eyeclose,train
data\raw\Sub3\Yawn\3227.jpg,data\processed\yawn\Sub3_3227.png,Sub3,yawn,train
data\raw\Sub2\Eyeclose\1684.jpg,data\processed\eyeclose\Sub2_1684.png,Sub2,eyeclose,train
data\raw\Sub2\Eyeclose\1188.jpg,data\processed\eyeclose\Sub2_1188.png,Sub2,eyeclose,train
data\raw\Sub3\Eyeclose\3471.jpg,data\processed\eyeclose\Sub3_3471.png,Sub3,eyeclose,train
data\raw\Sub3\Eyeclose\3521.jpg,data\processed\eyeclose\Sub3_3521.png,Sub3,eyeclose,train
data\raw\Sub1\Eyeclose\803.jpg,data\processed\eyeclose\Sub1_803.png,Sub1,eyeclose,train
data\raw\Sub2\Neutral\1557.jpg,data\processed\neutral\Sub2_1557.png,Sub2,neutral,train
data\raw\Sub2\Eyeclose\1733.jpg,data\processed\eyeclose\Sub2_1733.png,Sub2,eyeclose,train
data\raw\Sub2\Neutral\1021.jpg,data\processed\neutral\Sub2_1021.png,Sub2,neutral,train
data\raw\Sub2\Yawn\1305.jpg,data\processed\yawn\Sub2_1305.png,Sub2,yawn,train
data\raw\Sub1\Yawn\467.jpg,data\processed\yawn\Sub1_467.png,Sub1,yawn,train
data\raw\Sub3\Neutral\2880.jpg,data\processed\neutral\Sub3_2880.png,Sub3,neutral,train
data\raw\Sub1\Eyeclose\182.jpg,data\processed\eyeclose\Sub1_182.png,Sub1,eyeclose,train
data\raw\Sub3\Eyeclose\3454.jpg,data\processed\eyeclose\Sub3_3454.png,Sub3,eyeclose,train
data\raw\Sub3\Yawn\3718.jpg,data\processed\yawn\Sub3_3718.png,Sub3,yawn,train
data\raw\Sub2\Eyeclose\1648.jpg,data\processed\eyeclose\Sub2_1648.png,Sub2,eyeclose,train
data\raw\Sub1\Eyeclose\335.jpg,data\processed\eyeclose\Sub1_335.png,Sub1,eyeclose,train
data\raw\Sub1\Neutral\7.jpg,data\processed\neutral\Sub1_7.png,Sub1,neutral,train
data\raw\Sub3\Eyeclose\2940.jpg,data\processed\eyeclose\Sub3_2940.png,Sub3,eyeclose,train
data\raw\Sub2\Yawn\1301.jpg,data\processed\yawn\Sub2_1301.png,Sub2,yawn,train
data\raw\Sub2\Neutral\941.jpg,data\processed\neutral\Sub2_941.png,Sub2,neutral,train
data\raw\Sub3\Yawn\3201.jpg,data\processed\yawn\Sub3_3201.png,Sub3,yawn,train
data\raw\Sub1\Neutral\100.jpg,data\processed\neutral\Sub1_100.png,Sub1,neutral,train
data\raw\Sub2\Neutral\970.jpg,data\processed\neutral\Sub2_970.png,Sub2,neutral,train
data\raw\Sub3\Eyeclose\3510.jpg,data\processed\eyeclose\Sub3_3510.png,Sub3,eyeclose,train
data\raw\Sub1\Yawn\468.jpg,data\processed\yawn\Sub1_468.png,Sub1,yawn,train
data\raw\Sub2\Neutral\1023.jpg,data\processed\neutral\Sub2_1023.png,Sub2,neutral,train
data\raw\Sub2\Eyeclose\1115.jpg,data\processed\eyeclose\Sub2_1115.png,Sub2,eyeclose,train
data\raw\Sub3\Eyeclose\3473.jpg,data\processed\eyeclose\Sub3_3473.png,Sub3,eyeclose,train
data\raw\Sub1\Neutral\153.jpg,data\processed\neutral\Sub1_153.png,Sub1,neutral,train
data\raw\Sub2\Eyeclose\1628.jpg,data\processed\eyeclose\Sub2_1628.png,Sub2,eyeclose,train
data\raw\Sub1\Neutral\25.jpg,data\processed\neutral\Sub1_25.png,Sub1,neutral,train
data\raw\Sub2\Eyeclose\1077.jpg,data\processed\eyeclose\Sub2_1077.png,Sub2,eyeclose,train
data\raw\Sub1\Eyeclose\812.jpg,data\processed\eyeclose\Sub1_812.png,Sub1,eyeclose,train
data\raw\Sub3\Happy\3545.jpg,data\processed\happy\Sub3_3545.png,Sub3,happy,train
data\raw\Sub3\Neutral\2871.jpg,data\processed\neutral\Sub3_2871.png,Sub3,neutral,train
data\raw\Sub1\Eyeclose\817.jpg,data\processed\eyeclose\Sub1_817.png,Sub1,eyeclose,train
data\raw\Sub3\Yawn\3226.jpg,data\processed\yawn\Sub3_3226.png,Sub3,yawn,train
data\raw\Sub2\Eyeclose\1732.jpg,data\processed\eyeclose\Sub2_1732.png,Sub2,eyeclose,train
data\raw\Sub2\Eyeclose\1619.jpg,data\processed\eyeclose\Sub2_1619.png,Sub2,eyeclose,train
data\raw\Sub2\Eyeclose\1101.jpg,data\processed\eyeclose\Sub2_1101.png,Sub2,eyeclose,train
data\raw\Sub2\Yawn\1323.jpg,data\processed\yawn\Sub2_1323.png,Sub2,yawn,train
data\raw\Sub2\Eyeclose\1612.jpg,data\processed\eyeclose\Sub2_1612.png,Sub2,eyeclose,train
data\raw\Sub3\Eyeclose\2941.jpg,data\processed\eyeclose\Sub3_2941.png,Sub3,eyeclose,train
data\raw\Sub3\Yawn\3233.jpg,data\processed\yawn\Sub3_3233.png,Sub3,yawn,train
data\raw\Sub2\Eyeclose\1135.jpg,data\processed\eyeclose\Sub2_1135.png,Sub2,eyeclose,train
data\raw\Sub3\Happy\3550.jpg,data\processed\happy\Sub3_3550.png,Sub3,happy,train
data\raw\Sub3\Neutral\2849.jpg,data\processed\neutral\Sub3_2849.png,Sub3,neutral,train
data\raw\Sub3\Neutral\2883.jpg,data\processed\neutral\Sub3_2883.png,Sub3,neutral,train
data\raw\Sub2\Eyeclose\1597.jpg,data\processed\eyeclose\Sub2_1597.png,Sub2,eyeclose,train
data\raw\Sub2\Eyeclose\1771.jpg,data\processed\eyeclose\Sub2_1771.png,Sub2,eyeclose,train
data\raw\Sub1\Neutral\76.jpg,data\processed\neutral\Sub1_76.png,Sub1,neutral,train
data\raw\Sub1\Neutral\136.jpg,data\processed\neutral\Sub1_136.png,Sub1,neutral,train
data\raw\Sub2\Neutral\929.jpg,data\processed\neutral\Sub2_929.png,Sub2,neutral,train
data\raw\Sub3\Eyeclose\3431.jpg,data\processed\eyeclose\Sub3_3431.png,Sub3,eyeclose,train
data\raw\Sub2\Neutral\946.jpg,data\processed\neutral\Sub2_946.png,Sub2,neutral,train
data\raw\Sub2\Eyeclose\1606.jpg,data\processed\eyeclose\Sub2_1606.png,Sub2,eyeclose,train
data\raw\Sub2\Yawn\1343.jpg,data\processed\yawn\Sub2_1343.png,Sub2,yawn,train
data\raw\Sub2\Eyeclose\1173.jpg,data\processed\eyeclose\Sub2_1173.png,Sub2,eyeclose,train
data\raw\Sub2\Neutral\942.jpg,data\processed\neutral\Sub2_942.png,Sub2,neutral,train
data\raw\Sub2\Eyeclose\1088.jpg,data\processed\eyeclose\Sub2_1088.png,Sub2,eyeclose,train
data\raw\Sub1\Neutral\111.jpg,data\processed\neutral\Sub1_111.png,Sub1,neutral,train
data\raw\Sub1\Eyeclose\180.jpg,data\processed\eyeclose\Sub1_180.png,Sub1,eyeclose,train
data\raw\Sub2\Eyeclose\1085.jpg,data\processed\eyeclose\Sub2_1085.png,Sub2,eyeclose,train
data\raw\Sub2\Neutral\965.jpg,data\processed\neutral\Sub2_965.png,Sub2,neutral,train
data\raw\Sub1\Yawn\471.jpg,data\processed\yawn\Sub1_471.png,Sub1,yawn,train
data\raw\Sub2\Eyeclose\1130.jpg,data\processed\eyeclose\Sub2_1130.png,Sub2,eyeclose,train
data\raw\Sub1\Neutral\116.jpg,data\processed\neutral\Sub1_116.png,Sub1,neutral,train
data\raw\Sub3\Eyeclose\3469.jpg,data\processed\eyeclose\Sub3_3469.png,Sub3,eyeclose,train
data\raw\Sub1\Neutral\160.jpg,data\processed\neutral\Sub1_160.png,Sub1,neutral,train
data\raw\Sub2\Neutral\935.jpg,data\processed\neutral\Sub2_935.png,Sub2,neutral,train
data\raw\Sub2\Eyeclose\1686.jpg,data\processed\eyeclose\Sub2_1686.png,Sub2,eyeclose,train
data\raw\Sub1\Eyeclose\333.jpg,data\processed\eyeclose\Sub1_333.png,Sub1,eyeclose,train
data\raw\Sub1\Neutral\90.jpg,data\processed\neutral\Sub1_90.png,Sub1,neutral,train
data\raw\Sub2\Neutral\1020.jpg,data\processed\neutral\Sub2_1020.png,Sub2,neutral,train
data\raw\Sub2\Eyeclose\1634.jpg,data\processed\eyeclose\Sub2_1634.png,Sub2,eyeclose,train
data\raw\Sub2\Neutral\1022.jpg,data\processed\neutral\Sub2_1022.png,Sub2,neutral,train
data\raw\Sub1\Eyeclose\193.jpg,data\processed\eyeclose\Sub1_193.png,Sub1,eyeclose,train
data\raw\Sub2\Happy\1494.jpg,data\processed\happy\Sub2_1494.png,Sub2,happy,train
data\raw\Sub2\Eyeclose\1759.jpg,data\processed\eyeclose\Sub2_1759.png,Sub2,eyeclose,train
data\raw\Sub1\Neutral\117.jpg,data\processed\neutral\Sub1_117.png,Sub1,neutral,train
data\raw\Sub2\Eyeclose\1176.jpg,data\processed\eyeclose\Sub2_1176.png,Sub2,eyeclose,train
data\raw\Sub1\Yawn\503.jpg,data\processed\yawn\Sub1_503.png,Sub1,yawn,train
data\raw\Sub3\Eyeclose\3425.jpg,data\processed\eyeclose\Sub3_3425.png,Sub3,eyeclose,train
data\raw\Sub3\Neutral\2868.jpg,data\processed\neutral\Sub3_2868.png,Sub3,neutral,train
data\raw\Sub1\Eyeclose\813.jpg,data\processed\eyeclose\Sub1_813.png,Sub1,eyeclose,train
data\raw\Sub2\Yawn\1335.jpg,data\processed\yawn\Sub2_1335.png,Sub2,yawn,train
data\raw\Sub3\Neutral\2878.jpg,data\processed\neutral\Sub3_2878.png,Sub3,neutral,train
data\raw\Sub2\Neutral\1519.jpg,data\processed\neutral\Sub2_1519.png,Sub2,neutral,train
data\raw\Sub1\Neutral\98.jpg,data\processed\neutral\Sub1_98.png,Sub1,neutral,train
data\raw\Sub2\Neutral\1532.jpg,data\processed\neutral\Sub2_1532.png,Sub2,neutral,train
data\raw\Sub2\Neutral\1516.jpg,data\processed\neutral\Sub2_1516.png,Sub2,neutral,train
data\raw\Sub3\Yawn\3229.jpg,data\processed\yawn\Sub3_3229.png,Sub3,yawn,train
data\raw\Sub3\Eyeclose\3423.jpg,data\processed\eyeclose\Sub3_3423.png,Sub3,eyeclose,train
data\raw\Sub3\Eyeclose\2931.jpg,data\processed\eyeclose\Sub3_2931.png,Sub3,eyeclose,train
data\raw\Sub3\Yawn\3204.jpg,data\processed\yawn\Sub3_3204.png,Sub3,yawn,train
data\raw\Sub1\Neutral\71.jpg,data\processed\neutral\Sub1_71.png,Sub1,neutral,train
data\raw\Sub1\Eyeclose\177.jpg,data\processed\eyeclose\Sub1_177.png,Sub1,eyeclose,train
data\raw\Sub2\Eyeclose\1095.jpg,data\processed\eyeclose\Sub2_1095.png,Sub2,eyeclose,train
data\raw\Sub3\Yawn\3214.jpg,data\processed\yawn\Sub3_3214.png,Sub3,yawn,train
data\raw\Sub3\Eyeclose\2961.jpg,data\processed\eyeclose\Sub3_2961.png,Sub3,eyeclose,train
data\raw\Sub2\Yawn\1319.jpg,data\processed\yawn\Sub2_1319.png,Sub2,yawn,train
data\raw\Sub2\Yawn\1308.jpg,data\processed\yawn\Sub2_1308.png,Sub2,yawn,train
data\raw\Sub3\Eyeclose\3447.jpg,data\processed\eyeclose\Sub3_3447.png,Sub3,eyeclose,train
data\raw\Sub1\Eyeclose\783.jpg,data\processed\eyeclose\Sub1_783.png,Sub1,eyeclose,train
data\raw\Sub1\Eyeclose\786.jpg,data\processed\eyeclose\Sub1_786.png,Sub1,eyeclose,train
data\raw\Sub2\Neutral\1004.jpg,data\processed\neutral\Sub2_1004.png,Sub2,neutral,train
data\raw\Sub3\Yawn\3712.jpg,data\processed\yawn\Sub3_3712.png,Sub3,yawn,train
data\raw\Sub1\Eyeclose\364.jpg,data\processed\eyeclose\Sub1_364.png,Sub1,eyeclose,train
data\raw\Sub2\Neutral\1562.jpg,data\processed\neutral\Sub2_1562.png,Sub2,neutral,train
data\raw\Sub1\Eyeclose\179.jpg,data\processed\eyeclose\Sub1_179.png,Sub1,eyeclose,train
data\raw\Sub2\Eyeclose\1620.jpg,data\processed\eyeclose\Sub2_1620.png,Sub2,eyeclose,train
data\raw\Sub2\Eyeclose\1671.jpg,data\processed\eyeclose\Sub2_1671.png,Sub2,eyeclose,train
data\raw\Sub2\Neutral\982.jpg,data\processed\neutral\Sub2_982.png,Sub2,neutral,train
data\raw\Sub2\Eyeclose\1118.jpg,data\processed\eyeclose\Sub2_1118.png,Sub2,eyeclose,train
data\raw\Sub1\Eyeclose\185.jpg,data\processed\eyeclose\Sub1_185.png,Sub1,eyeclose,train
data\raw\Sub2\Eyeclose\1187.jpg,data\processed\eyeclose\Sub2_1187.png,Sub2,eyeclose,train
data\raw\Sub1\Eyeclose\334.jpg,data\processed\eyeclose\Sub1_334.png,Sub1,eyeclose,train
data\raw\Sub1\Neutral\132.jpg,data\processed\neutral\Sub1_132.png,Sub1,neutral,train
data\raw\Sub1\Neutral\26.jpg,data\processed\neutral\Sub1_26.png,Sub1,neutral,train
data\raw\Sub1\Eyeclose\348.jpg,data\processed\eyeclose\Sub1_348.png,Sub1,eyeclose,train
data\raw\Sub2\Eyeclose\1737.jpg,data\processed\eyeclose\Sub2_1737.png,Sub2,eyeclose,train
data\raw\Sub3\Eyeclose\3438.jpg,data\processed\eyeclose\Sub3_3438.png,Sub3,eyeclose,train
data\raw\Sub3\Eyeclose\3515.jpg,data\processed\eyeclose\Sub3_3515.png,Sub3,eyeclose,train
data\raw\Sub3\Eyeclose\2955.jpg,data\processed\eyeclose\Sub3_2955.png,Sub3,eyeclose,train
data\raw\Sub2\Eyeclose\1218.jpg,data\processed\eyeclose\Sub2_1218.png,Sub2,eyeclose,train
data\raw\Sub2\Happy\1488.jpg,data\processed\happy\Sub2_1488.png,Sub2,happy,train
data\raw\Sub2\Eyeclose\1655.jpg,data\processed\eyeclose\Sub2_1655.png,Sub2,eyeclose,train
data\raw\Sub2\Neutral\1522.jpg,data\processed\neutral\Sub2_1522.png,Sub2,neutral,train
data\raw\Sub3\Eyeclose\3517.jpg,data\processed\eyeclose\Sub3_3517.png,Sub3,eyeclose,train
data\raw\Sub3\Yawn\3705.jpg,data\processed\yawn\Sub3_3705.png,Sub3,yawn,train
data\raw\Sub3\Neutral\2839.jpg,data\processed\neutral\Sub3_2839.png,Sub3,neutral,train
data\raw\Sub3\Yawn\3195.jpg,data\processed\yawn\Sub3_3195.png,Sub3,yawn,train
data\raw\Sub2\Yawn\1349.jpg,data\processed\yawn\Sub2_1349.png,Sub2,yawn,train
data\raw\Sub2\Neutral\1514.jpg,data\processed\neutral\Sub2_1514.png,Sub2,neutral,train
data\raw\Sub1\Neutral\53.jpg,data\processed\neutral\Sub1_53.png,Sub1,neutral,train
data\raw\Sub1\Eyeclose\305.jpg,data\processed\eyeclose\Sub1_305.png,Sub1,eyeclose,train
data\raw\Sub2\Eyeclose\1093.jpg,data\processed\eyeclose\Sub2_1093.png,Sub2,eyeclose,train
data\raw\Sub1\Eyeclose\318.jpg,data\processed\eyeclose\Sub1_318.png,Sub1,eyeclose,train
data\raw\Sub2\Eyeclose\1598.jpg,data\processed\eyeclose\Sub2_1598.png,Sub2,eyeclose,train
data\raw\Sub2\Eyeclose\1143.jpg,data\processed\eyeclose\Sub2_1143.png,Sub2,eyeclose,train
data\raw\Sub1\Neutral\29.jpg,data\processed\neutral\Sub1_29.png,Sub1,neutral,train
data\raw\Sub3\Eyeclose\3457.jpg,data\processed\eyeclose\Sub3_3457.png,Sub3,eyeclose,train
data\raw\Sub2\Yawn\1347.jpg,data\processed\yawn\Sub2_1347.png,Sub2,yawn,train
data\raw\Sub3\Eyeclose\3493.jpg,data\processed\eyeclose\Sub3_3493.png,Sub3,eyeclose,train
data\raw\Sub1\Yawn\457.jpg,data\processed\yawn\Sub1_457.png,Sub1,yawn,train
data\raw\Sub2\Yawn\1325.jpg,data\processed\yawn\Sub2_1325.png,Sub2,yawn,train
data\raw\Sub2\Eyeclose\1674.jpg,data\processed\eyeclose\Sub2_1674.png,Sub2,eyeclose,train
data\raw\Sub2\Happy\1492.jpg,data\processed\happy\Sub2_1492.png,Sub2,happy,train
data\raw\Sub3\Neutral\2835.jpg,data\processed\neutral\Sub3_2835.png,Sub3,neutral,train
data\raw\Sub2\Eyeclose\1216.jpg,data\processed\eyeclose\Sub2_1216.png,Sub2,eyeclose,train
data\raw\Sub3\Neutral\2873.jpg,data\processed\neutral\Sub3_2873.png,Sub3,neutral,train
data\raw\Sub2\Eyeclose\1213.jpg,data\processed\eyeclose\Sub2_1213.png,Sub2,eyeclose,train
data\raw\Sub2\Eyeclose\1645.jpg,data\processed\eyeclose\Sub2_1645.png,Sub2,eyeclose,train
data\raw\Sub1\Neutral\120.jpg,data\processed\neutral\Sub1_120.png,Sub1,neutral,train
data\raw\Sub1\Yawn\455.jpg,data\processed\yawn\Sub1_455.png,Sub1,yawn,train
data\raw\Sub1\Neutral\51.jpg,data\processed\neutral\Sub1_51.png,Sub1,neutral,train
data\raw\Sub2\Yawn\1340.jpg,data\processed\yawn\Sub2_1340.png,Sub2,yawn,train
data\raw\Sub2\Eyeclose\1668.jpg,data\processed\eyeclose\Sub2_1668.png,Sub2,eyeclose,train
data\raw\Sub2\Eyeclose\1663.jpg,data\processed\eyeclose\Sub2_1663.png,Sub2,eyeclose,train
data\raw\Sub2\Eyeclose\1138.jpg,data\processed\eyeclose\Sub2_1138.png,Sub2,eyeclose,train
data\raw\Sub3\Yawn\3223.jpg,data\processed\yawn\Sub3_3223.png,Sub3,yawn,train
data\raw\Sub3\Yawn\3704.jpg,data\processed\yawn\Sub3_3704.png,Sub3,yawn,train
data\raw\Sub2\Eyeclose\1752.jpg,data\processed\eyeclose\Sub2_1752.png,Sub2,eyeclose,train
data\raw\Sub1\Neutral\35.jpg,data\processed\neutral\Sub1_35.png,Sub1,neutral,train
data\raw\Sub2\Eyeclose\1207.jpg,data\processed\eyeclose\Sub2_1207.png,Sub2,eyeclose,train
data\raw\Sub2\Eyeclose\1108.jpg,data\processed\eyeclose\Sub2_1108.png,Sub2,eyeclose,train
data\raw\Sub2\Neutral\1548.jpg,data\processed\neutral\Sub2_1548.png,Sub2,neutral,train
data\raw\Sub1\Eyeclose\777.jpg,data\processed\eyeclose\Sub1_777.png,Sub1,eyeclose,train
data\raw\Sub2\Neutral\932.jpg,data\processed\neutral\Sub2_932.png,Sub2,neutral,train
data\raw\Sub2\Happy\1439.jpg,data\processed\happy\Sub2_1439.png,Sub2,happy,train
data\raw\Sub3\Happy\3552.jpg,data\processed\happy\Sub3_3552.png,Sub3,happy,train
data\raw\Sub2\Eyeclose\1611.jpg,data\processed\eyeclose\Sub2_1611.png,Sub2,eyeclose,train
data\raw\Sub3\Eyeclose\3456.jpg,data\processed\eyeclose\Sub3_3456.png,Sub3,eyeclose,train
data\raw\Sub2\Eyeclose\1212.jpg,data\processed\eyeclose\Sub2_1212.png,Sub2,eyeclose,train
data\raw\Sub2\Neutral\1531.jpg,data\processed\neutral\Sub2_1531.png,Sub2,neutral,train
data\raw\Sub3\Happy\3555.jpg,data\processed\happy\Sub3_3555.png,Sub3,happy,train
data\raw\Sub1\Yawn\488.jpg,data\processed\yawn\Sub1_488.png,Sub1,yawn,train
data\raw\Sub1\Yawn\472.jpg,data\processed\yawn\Sub1_472.png,Sub1,yawn,train
data\raw\Sub2\Neutral\937.jpg,data\processed\neutral\Sub2_937.png,Sub2,neutral,train
data\raw\Sub3\Eyeclose\3520.jpg,data\processed\eyeclose\Sub3_3520.png,Sub3,eyeclose,train
data\raw\Sub1\Neutral\61.jpg,data\processed\neutral\Sub1_61.png,Sub1,neutral,train
data\raw\Sub2\Yawn\1334.jpg,data\processed\yawn\Sub2_1334.png,Sub2,yawn,train
data\raw\Sub2\Eyeclose\1638.jpg,data\processed\eyeclose\Sub2_1638.png,Sub2,eyeclose,train
data\raw\Sub1\Neutral\24.jpg,data\processed\neutral\Sub1_24.png,Sub1,neutral,train
data\raw\Sub2\Eyeclose\1159.jpg,data\processed\eyeclose\Sub2_1159.png,Sub2,eyeclose,train
data\raw\Sub3\Eyeclose\2935.jpg,data\processed\eyeclose\Sub3_2935.png,Sub3,eyeclose,train
data\raw\Sub2\Eyeclose\1788.jpg,data\processed\eyeclose\Sub2_1788.png,Sub2,eyeclose,train
data\raw\Sub1\Yawn\479.jpg,data\processed\yawn\Sub1_479.png,Sub1,yawn,train
data\raw\Sub2\Neutral\1027.jpg,data\processed\neutral\Sub2_1027.png,Sub2,neutral,train
data\raw\Sub2\Eyeclose\1147.jpg,data\processed\eyeclose\Sub2_1147.png,Sub2,eyeclose,train
data\raw\Sub1\Neutral\110.jpg,data\processed\neutral\Sub1_110.png,Sub1,neutral,train
data\raw\Sub2\Eyeclose\1100.jpg,data\processed\eyeclose\Sub2_1100.png,Sub2,eyeclose,train
data\raw\Sub2\Eyeclose\1155.jpg,data\processed\eyeclose\Sub2_1155.png,Sub2,eyeclose,train
data\raw\Sub1\Neutral\144.jpg,data\processed\neutral\Sub1_144.png,Sub1,neutral,train
data\raw\Sub2\Happy\1431.jpg,data\processed\happy\Sub2_1431.png,Sub2,happy,train
data\raw\Sub1\Neutral\60.jpg,data\processed\neutral\Sub1_60.png,Sub1,neutral,train
data\raw\Sub1\Neutral\168.jpg,data\processed\neutral\Sub1_168.png,Sub1,neutral,train
data\raw\Sub1\Yawn\448.jpg,data\processed\yawn\Sub1_448.png,Sub1,yawn,train
data\raw\Sub1\Eyeclose\362.jpg,data\processed\eyeclose\Sub1_362.png,Sub1,eyeclose,train
data\raw\Sub2\Happy\1433.jpg,data\processed\happy\Sub2_1433.png,Sub2,happy,train
data\raw\Sub1\Neutral\68.jpg,data\processed\neutral\Sub1_68.png,Sub1,neutral,train
data\raw\Sub1\Eyeclose\341.jpg,data\processed\eyeclose\Sub1_341.png,Sub1,eyeclose,train
data\raw\Sub2\Neutral\1525.jpg,data\processed\neutral\Sub2_1525.png,Sub2,neutral,train
data\raw\Sub3\Eyeclose\3424.jpg,data\processed\eyeclose\Sub3_3424.png,Sub3,eyeclose,train
data\raw\Sub2\Happy\1435.jpg,data\processed\happy\Sub2_1435.png,Sub2,happy,train
data\raw\Sub1\Neutral\127.jpg,data\processed\neutral\Sub1_127.png,Sub1,neutral,train
data\raw\Sub1\Eyeclose\353.jpg,data\processed\eyeclose\Sub1_353.png,Sub1,eyeclose,train
data\raw\Sub3\Neutral\2844.jpg,data\processed\neutral\Sub3_2844.png,Sub3,neutral,train
data\raw\Sub2\Neutral\936.jpg,data\processed\neutral\Sub2_936.png,Sub2,neutral,train
data\raw\Sub1\Eyeclose\355.jpg,data\processed\eyeclose\Sub1_355.png,Sub1,eyeclose,train
data\raw\Sub2\Eyeclose\1087.jpg,data\processed\eyeclose\Sub2_1087.png,Sub2,eyeclose,train
data\raw\Sub2\Neutral\1572.jpg,data\processed\neutral\Sub2_1572.png,Sub2,neutral,train
data\raw\Sub3\Eyeclose\3502.jpg,data\processed\eyeclose\Sub3_3502.png,Sub3,eyeclose,train
data\raw\Sub3\Eyeclose\2945.jpg,data\processed\eyeclose\Sub3_2945.png,Sub3,eyeclose,train
data\raw\Sub1\Yawn\489.jpg,data\processed\yawn\Sub1_489.png,Sub1,yawn,train
data\raw\Sub2\Happy\1498.jpg,data\processed\happy\Sub2_1498.png,Sub2,happy,train
data\raw\Sub1\Neutral\14.jpg,data\processed\neutral\Sub1_14.png,Sub1,neutral,train
data\raw\Sub3\Eyeclose\2958.jpg,data\processed\eyeclose\Sub3_2958.png,Sub3,eyeclose,train
data\raw\Sub3\Yawn\3210.jpg,data\processed\yawn\Sub3_3210.png,Sub3,yawn,train
data\raw\Sub2\Yawn\1304.jpg,data\processed\yawn\Sub2_1304.png,Sub2,yawn,train
data\raw\Sub2\Eyeclose\1609.jpg,data\processed\eyeclose\Sub2_1609.png,Sub2,eyeclose,train
data\raw\Sub3\Neutral\2854.jpg,data\processed\neutral\Sub3_2854.png,Sub3,neutral,train
data\raw\Sub1\Eyeclose\309.jpg,data\processed\eyeclose\Sub1_309.png,Sub1,eyeclose,train
data\raw\Sub3\Neutral\2832.jpg,data\processed\neutral\Sub3_2832.png,Sub3,neutral,train
data\raw\Sub2\Eyeclose\1158.jpg,data\processed\eyeclose\Sub2_1158.png,Sub2,eyeclose,train
data\raw\Sub3\Happy\3571.jpg,data\processed\happy\Sub3_3571.png,Sub3,happy,train
data\raw\Sub2\Happy\1481.jpg,data\processed\happy\Sub2_1481.png,Sub2,happy,train
data\raw\Sub2\Eyeclose\1604.jpg,data\processed\eyeclose\Sub2_1604.png,Sub2,eyeclose,train
data\raw\Sub3\Eyeclose\3464.jpg,data\processed\eyeclose\Sub3_3464.png,Sub3,eyeclose,train
data\raw\Sub2\Eyeclose\1725.jpg,data\processed\eyeclose\Sub2_1725.png,Sub2,eyeclose,train
data\raw\Sub2\Happy\1472.jpg,data\processed\happy\Sub2_1472.png,Sub2,happy,train
data\raw\Sub2\Eyeclose\1220.jpg,data\processed\eyeclose\Sub2_1220.png,Sub2,eyeclose,train
data\raw\Sub1\Neutral\124.jpg,data\processed\neutral\Sub1_124.png,Sub1,neutral,train
data\raw\Sub1\Eyeclose\796.jpg,data\processed\eyeclose\Sub1_796.png,Sub1,eyeclose,train
data\raw\Sub2\Eyeclose\1140.jpg,data\processed\eyeclose\Sub2_1140.png,Sub2,eyeclose,train
data\raw\Sub2\Eyeclose\1755.jpg,data\processed\eyeclose\Sub2_1755.png,Sub2,eyeclose,train
data\raw\Sub1\Neutral\48.jpg,data\processed\neutral\Sub1_48.png,Sub1,neutral,train
data\raw\Sub1\Eyeclose\804.jpg,data\processed\eyeclose\Sub1_804.png,Sub1,eyeclose,train
data\raw\Sub1\Eyeclose\306.jpg,data\processed\eyeclose\Sub1_306.png,Sub1,eyeclose,train
data\raw\Sub1\Neutral\79.jpg,data\processed\neutral\Sub1_79.png,Sub1,neutral,train
data\raw\Sub3\Yawn\3717.jpg,data\processed\yawn\Sub3_3717.png,Sub3,yawn,train
data\raw\Sub3\Yawn\3709.jpg,data\processed\yawn\Sub3_3709.png,Sub3,yawn,train
data\raw\Sub2\Neutral\1540.jpg,data\processed\neutral\Sub2_1540.png,Sub2,neutral,train
data\raw\Sub2\Eyeclose\1651.jpg,data\processed\eyeclose\Sub2_1651.png,Sub2,eyeclose,train
data\raw\Sub2\Happy\1493.jpg,data\processed\happy\Sub2_1493.png,Sub2,happy,train
data\raw\Sub2\Happy\1473.jpg,data\processed\happy\Sub2_1473.png,Sub2,happy,train
data\raw\Sub2\Eyeclose\1200.jpg,data\processed\eyeclose\Sub2_1200.png,Sub2,eyeclose,train
data\raw\Sub2\Eyeclose\1102.jpg,data\processed\eyeclose\Sub2_1102.png,Sub2,eyeclose,train
data\raw\Sub2\Happy\1451.jpg,data\processed\happy\Sub2_1451.png,Sub2,happy,train
data\raw\Sub2\Eyeclose\1182.jpg,data\processed\eyeclose\Sub2_1182.png,Sub2,eyeclose,train
data\raw\Sub3\Happy\3562.jpg,data\processed\happy\Sub3_3562.png,Sub3,happy,train
data\raw\Sub3\Yawn\3714.jpg,data\processed\yawn\Sub3_3714.png,Sub3,yawn,train
data\raw\Sub3\Happy\3548.jpg,data\processed\happy\Sub3_3548.png,Sub3,happy,train
data\raw\Sub1\Eyeclose\788.jpg,data\processed\eyeclose\Sub1_788.png,Sub1,eyeclose,train
data\raw\Sub3\Neutral\2879.jpg,data\processed\neutral\Sub3_2879.png,Sub3,neutral,train
data\raw\Sub3\Happy\3567.jpg,data\processed\happy\Sub3_3567.png,Sub3,happy,train
data\raw\Sub2\Eyeclose\1198.jpg,data\processed\eyeclose\Sub2_1198.png,Sub2,eyeclose,train
data\raw\Sub3\Neutral\2828.jpg,data\processed\neutral\Sub3_2828.png,Sub3,neutral,train
data\raw\Sub2\Neutral\1517.jpg,data\processed\neutral\Sub2_1517.png,Sub2,neutral,train
data\raw\Sub3\Neutral\2884.jpg,data\processed\neutral\Sub3_2884.png,Sub3,neutral,train
data\raw\Sub2\Eyeclose\1683.jpg,data\processed\eyeclose\Sub2_1683.png,Sub2,eyeclose,train
data\raw\Sub2\Eyeclose\1183.jpg,data\processed\eyeclose\Sub2_1183.png,Sub2,eyeclose,train
data\raw\Sub1\Eyeclose\198.jpg,data\processed\eyeclose\Sub1_198.png,Sub1,eyeclose,train
data\raw\Sub3\Eyeclose\3422.jpg,data\processed\eyeclose\Sub3_3422.png,Sub3,eyeclose,train
data\raw\Sub1\Neutral\39.jpg,data\processed\neutral\Sub1_39.png,Sub1,neutral,train
data\raw\Sub3\Neutral\2840.jpg,data\processed\neutral\Sub3_2840.png,Sub3,neutral,train
data\raw\Sub1\Neutral\128.jpg,data\processed\neutral\Sub1_128.png,Sub1,neutral,train
data\raw\Sub3\Eyeclose\3512.jpg,data\processed\eyeclose\Sub3_3512.png,Sub3,eyeclose,train
data\raw\Sub1\Eyeclose\819.jpg,data\processed\eyeclose\Sub1_819.png,Sub1,eyeclose,train
data\raw\Sub1\Eyeclose\200.jpg,data\processed\eyeclose\Sub1_200.png,Sub1,eyeclose,train
data\raw\Sub2\Eyeclose\1785.jpg,data\processed\eyeclose\Sub2_1785.png,Sub2,eyeclose,train
data\raw\Sub2\Neutral\1014.jpg,data\processed\neutral\Sub2_1014.png,Sub2,neutral,train
data\raw\Sub3\Yawn\3216.jpg,data\processed\yawn\Sub3_3216.png,Sub3,yawn,train
data\raw\Sub2\Eyeclose\1727.jpg,data\processed\eyeclose\Sub2_1727.png,Sub2,eyeclose,train
data\raw\Sub1\Eyeclose\799.jpg,data\processed\eyeclose\Sub1_799.png,Sub1,eyeclose,train
data\raw\Sub3\Neutral\2886.jpg,data\processed\neutral\Sub3_2886.png,Sub3,neutral,train
data\raw\Sub3\Neutral\2877.jpg,data\processed\neutral\Sub3_2877.png,Sub3,neutral,train
data\raw\Sub2\Eyeclose\1201.jpg,data\processed\eyeclose\Sub2_1201.png,Sub2,eyeclose,train
data\raw\Sub2\Eyeclose\1734.jpg,data\processed\eyeclose\Sub2_1734.png,Sub2,eyeclose,train
data\raw\Sub1\Neutral\8.jpg,data\processed\neutral\Sub1_8.png,Sub1,neutral,train
data\raw\Sub2\Eyeclose\1766.jpg,data\processed\eyeclose\Sub2_1766.png,Sub2,eyeclose,train
data\raw\Sub3\Eyeclose\2957.jpg,data\processed\eyeclose\Sub3_2957.png,Sub3,eyeclose,train
data\raw\Sub2\Neutral\1554.jpg,data\processed\neutral\Sub2_1554.png,Sub2,neutral,train
data\raw\Sub2\Eyeclose\1647.jpg,data\processed\eyeclose\Sub2_1647.png,Sub2,eyeclose,train
data\raw\Sub2\Eyeclose\1622.jpg,data\processed\eyeclose\Sub2_1622.png,Sub2,eyeclose,train
data\raw\Sub1\Neutral\28.jpg,data\processed\neutral\Sub1_28.png,Sub1,neutral,train
data\raw\Sub1\Yawn\484.jpg,data\processed\yawn\Sub1_484.png,Sub1,yawn,train
data\raw\Sub1\Neutral\139.jpg,data\processed\neutral\Sub1_139.png,Sub1,neutral,train
data\raw\Sub3\Eyeclose\3468.jpg,data\processed\eyeclose\Sub3_3468.png,Sub3,eyeclose,train
data\raw\Sub2\Yawn\1322.jpg,data\processed\yawn\Sub2_1322.png,Sub2,yawn,train
data\raw\Sub2\Eyeclose\1739.jpg,data\processed\eyeclose\Sub2_1739.png,Sub2,eyeclose,train
data\raw\Sub1\Neutral\65.jpg,data\processed\neutral\Sub1_65.png,Sub1,neutral,train
data\raw\Sub1\Neutral\81.jpg,data\processed\neutral\Sub1_81.png,Sub1,neutral,train
data\raw\Sub2\Neutral\1526.jpg,data\processed\neutral\Sub2_1526.png,Sub2,neutral,train
data\raw\Sub2\Neutral\956.jpg,data\processed\neutral\Sub2_956.png,Sub2,neutral,train
data\raw\Sub2\Happy\1427.jpg,data\processed\happy\Sub2_1427.png,Sub2,happy,train
data\raw\Sub2\Eyeclose\1122.jpg,data\processed\eyeclose\Sub2_1122.png,Sub2,eyeclose,train
data\raw\Sub1\Neutral\169.jpg,data\processed\neutral\Sub1_169.png,Sub1,neutral,train
data\raw\Sub2\Happy\1464.jpg,data\processed\happy\Sub2_1464.png,Sub2,happy,train
data\raw\Sub2\Yawn\1317.jpg,data\processed\yawn\Sub2_1317.png,Sub2,yawn,train
data\raw\Sub3\Neutral\2842.jpg,data\processed\neutral\Sub3_2842.png,Sub3,neutral,train
data\raw\Sub2\Eyeclose\1165.jpg,data\processed\eyeclose\Sub2_1165.png,Sub2,eyeclose,train
data\raw\Sub3\Neutral\2841.jpg,data\processed\neutral\Sub3_2841.png,Sub3,neutral,train
data\raw\Sub1\Eyeclose\336.jpg,data\processed\eyeclose\Sub1_336.png,Sub1,eyeclose,train
data\raw\Sub1\Neutral\86.jpg,data\processed\neutral\Sub1_86.png,Sub1,neutral,train
data\raw\Sub1\Neutral\109.jpg,data\processed\neutral\Sub1_109.png,Sub1,neutral,train
data\raw\Sub1\Eyeclose\346.jpg,data\processed\eyeclose\Sub1_346.png,Sub1,eyeclose,train
data\raw\Sub1\Yawn\458.jpg,data\processed\yawn\Sub1_458.png,Sub1,yawn,train
data\raw\Sub2\Eyeclose\1168.jpg,data\processed\eyeclose\Sub2_1168.png,Sub2,eyeclose,train
data\raw\Sub2\Eyeclose\1769.jpg,data\processed\eyeclose\Sub2_1769.png,Sub2,eyeclose,train
data\raw\Sub1\Yawn\493.jpg,data\processed\yawn\Sub1_493.png,Sub1,yawn,train
data\raw\Sub1\Neutral\115.jpg,data\processed\neutral\Sub1_115.png,Sub1,neutral,train
data\raw\Sub2\Neutral\1010.jpg,data\processed\neutral\Sub2_1010.png,Sub2,neutral,train
data\raw\Sub2\Neutral\938.jpg,data\processed\neutral\Sub2_938.png,Sub2,neutral,train
data\raw\Sub2\Eyeclose\1669.jpg,data\processed\eyeclose\Sub2_1669.png,Sub2,eyeclose,train
data\raw\Sub2\Eyeclose\1221.jpg,data\processed\eyeclose\Sub2_1221.png,Sub2,eyeclose,train
data\raw\Sub1\Neutral\66.jpg,data\processed\neutral\Sub1_66.png,Sub1,neutral,train
data\raw\Sub3\Eyeclose\3486.jpg,data\processed\eyeclose\Sub3_3486.png,Sub3,eyeclose,train
data\raw\Sub2\Neutral\948.jpg,data\processed\neutral\Sub2_948.png,Sub2,neutral,val
data\raw\Sub1\Neutral\164.jpg,data\processed\neutral\Sub1_164.png,Sub1,neutral,val
data\raw\Sub3\Neutral\2876.jpg,data\processed\neutral\Sub3_2876.png,Sub3,neutral,val
data\raw\Sub2\Happy\1483.jpg,data\processed\happy\Sub2_1483.png,Sub2,happy,val
data\raw\Sub2\Neutral\983.jpg,data\processed\neutral\Sub2_983.png,Sub2,neutral,val
data\raw\Sub1\Neutral\95.jpg,data\processed\neutral\Sub1_95.png,Sub1,neutral,val
data\raw\Sub2\Yawn\1326.jpg,data\processed\yawn\Sub2_1326.png,Sub2,yawn,val
data\raw\Sub1\Eyeclose\779.jpg,data\processed\eyeclose\Sub1_779.png,Sub1,eyeclose,val
data\raw\Sub1\Eyeclose\815.jpg,data\processed\eyeclose\Sub1_815.png,Sub1,eyeclose,val
data\raw\Sub2\Eyeclose\1134.jpg,data\processed\eyeclose\Sub2_1134.png,Sub2,eyeclose,val
data\raw\Sub2\Neutral\1552.jpg,data\processed\neutral\Sub2_1552.png,Sub2,neutral,val
data\raw\Sub3\Yawn\3199.jpg,data\processed\yawn\Sub3_3199.png,Sub3,yawn,val
data\raw\Sub2\Eyeclose\1772.jpg,data\processed\eyeclose\Sub2_1772.png,Sub2,eyeclose,val
data\raw\Sub3\Yawn\3716.jpg,data\processed\yawn\Sub3_3716.png,Sub3,yawn,val
data\raw\Sub2\Happy\1447.jpg,data\processed\happy\Sub2_1447.png,Sub2,happy,val
data\raw\Sub1\Eyeclose\797.jpg,data\processed\eyeclose\Sub1_797.png,Sub1,eyeclose,val
data\raw\Sub1\Yawn\462.jpg,data\processed\yawn\Sub1_462.png,Sub1,yawn,val
data\raw\Sub1\Eyeclose\785.jpg,data\processed\eyeclose\Sub1_785.png,Sub1,eyeclose,val
data\raw\Sub3\Eyeclose\3452.jpg,data\processed\eyeclose\Sub3_3452.png,Sub3,eyeclose,val
data\raw\Sub1\Eyeclose\347.jpg,data\processed\eyeclose\Sub1_347.png,Sub1,eyeclose,val
data\raw\Sub2\Neutral\1566.jpg,data\processed\neutral\Sub2_1566.png,Sub2,neutral,val
data\raw\Sub1\Neutral\49.jpg,data\processed\neutral\Sub1_49.png,Sub1,neutral,val
data\raw\Sub1\Yawn\474.jpg,data\processed\yawn\Sub1_474.png,Sub1,yawn,val
data\raw\Sub2\Eyeclose\1731.jpg,data\processed\eyeclose\Sub2_1731.png,Sub2,eyeclose,val
data\raw\Sub2\Eyeclose\1189.jpg,data\processed\eyeclose\Sub2_1189.png,Sub2,eyeclose,val
data\raw\Sub2\Eyeclose\1614.jpg,data\processed\eyeclose\Sub2_1614.png,Sub2,eyeclose,val
data\raw\Sub1\Neutral\33.jpg,data\processed\neutral\Sub1_33.png,Sub1,neutral,val
data\raw\Sub1\Eyeclose\784.jpg,data\processed\eyeclose\Sub1_784.png,Sub1,eyeclose,val
data\raw\Sub3\Neutral\2827.jpg,data\processed\neutral\Sub3_2827.png,Sub3,neutral,val
data\raw\Sub3\Yawn\3708.jpg,data\processed\yawn\Sub3_3708.png,Sub3,yawn,val
data\raw\Sub1\Eyeclose\354.jpg,data\processed\eyeclose\Sub1_354.png,Sub1,eyeclose,val
data\raw\Sub2\Eyeclose\1602.jpg,data\processed\eyeclose\Sub2_1602.png,Sub2,eyeclose,val
data\raw\Sub2\Eyeclose\1086.jpg,data\processed\eyeclose\Sub2_1086.png,Sub2,eyeclose,val
data\raw\Sub3\Eyeclose\3450.jpg,data\processed\eyeclose\Sub3_3450.png,Sub3,eyeclose,val
data\raw\Sub3\Eyeclose\3518.jpg,data\processed\eyeclose\Sub3_3518.png,Sub3,eyeclose,val
data\raw\Sub2\Eyeclose\1618.jpg,data\processed\eyeclose\Sub2_1618.png,Sub2,eyeclose,val
data\raw\Sub1\Eyeclose\317.jpg,data\processed\eyeclose\Sub1_317.png,Sub1,eyeclose,val
data\raw\Sub2\Yawn\1315.jpg,data\processed\yawn\Sub2_1315.png,Sub2,yawn,val
data\raw\Sub3\Eyeclose\2951.jpg,data\processed\eyeclose\Sub3_2951.png,Sub3,eyeclose,val
data\raw\Sub3\Eyeclose\2950.jpg,data\processed\eyeclose\Sub3_2950.png,Sub3,eyeclose,val
data\raw\Sub2\Eyeclose\1635.jpg,data\processed\eyeclose\Sub2_1635.png,Sub2,eyeclose,val
data\raw\Sub1\Eyeclose\343.jpg,data\processed\eyeclose\Sub1_343.png,Sub1,eyeclose,val
data\raw\Sub1\Neutral\5.jpg,data\processed\neutral\Sub1_5.png,Sub1,neutral,val
data\raw\Sub2\Eyeclose\1779.jpg,data\processed\eyeclose\Sub2_1779.png,Sub2,eyeclose,val
data\raw\Sub2\Neutral\967.jpg,data\processed\neutral\Sub2_967.png,Sub2,neutral,val
data\raw\Sub1\Yawn\461.jpg,data\processed\yawn\Sub1_461.png,Sub1,yawn,val
data\raw\Sub3\Neutral\2862.jpg,data\processed\neutral\Sub3_2862.png,Sub3,neutral,val
data\raw\Sub1\Neutral\145.jpg,data\processed\neutral\Sub1_145.png,Sub1,neutral,val
data\raw\Sub1\Neutral\59.jpg,data\processed\neutral\Sub1_59.png,Sub1,neutral,val
data\raw\Sub2\Eyeclose\1215.jpg,data\processed\eyeclose\Sub2_1215.png,Sub2,eyeclose,val
data\raw\Sub3\Yawn\3228.jpg,data\processed\yawn\Sub3_3228.png,Sub3,yawn,val
data\raw\Sub2\Eyeclose\1205.jpg,data\processed\eyeclose\Sub2_1205.png,Sub2,eyeclose,val
data\raw\Sub2\Eyeclose\1156.jpg,data\processed\eyeclose\Sub2_1156.png,Sub2,eyeclose,val
data\raw\Sub3\Yawn\3203.jpg,data\processed\yawn\Sub3_3203.png,Sub3,yawn,val
data\raw\Sub1\Eyeclose\303.jpg,data\processed\eyeclose\Sub1_303.png,Sub1,eyeclose,val
data\raw\Sub2\Eyeclose\1679.jpg,data\processed\eyeclose\Sub2_1679.png,Sub2,eyeclose,val
data\raw\Sub2\Eyeclose\1203.jpg,data\processed\eyeclose\Sub2_1203.png,Sub2,eyeclose,val
data\raw\Sub2\Eyeclose\1781.jpg,data\processed\eyeclose\Sub2_1781.png,Sub2,eyeclose,val
data\raw\Sub3\Neutral\2833.jpg,data\processed\neutral\Sub3_2833.png,Sub3,neutral,val
data\raw\Sub2\Neutral\951.jpg,data\processed\neutral\Sub2_951.png,Sub2,neutral,val
data\raw\Sub2\Eyeclose\1763.jpg,data\processed\eyeclose\Sub2_1763.png,Sub2,eyeclose,val
data\raw\Sub1\Eyeclose\358.jpg,data\processed\eyeclose\Sub1_358.png,Sub1,eyeclose,val
data\raw\Sub3\Eyeclose\3434.jpg,data\processed\eyeclose\Sub3_3434.png,Sub3,eyeclose,val
data\raw\Sub1\Eyeclose\221.jpg,data\processed\eyeclose\Sub1_221.png,Sub1,eyeclose,val
data\raw\Sub1\Eyeclose\359.jpg,data\processed\eyeclose\Sub1_359.png,Sub1,eyeclose,val
data\raw\Sub1\Yawn\464.jpg,data\processed\yawn\Sub1_464.png,Sub1,yawn,val
data\raw\Sub3\Neutral\2824.jpg,data\processed\neutral\Sub3_2824.png,Sub3,neutral,val
data\raw\Sub2\Happy\1454.jpg,data\processed\happy\Sub2_1454.png,Sub2,happy,val
data\raw\Sub2\Eyeclose\1208.jpg,data\processed\eyeclose\Sub2_1208.png,Sub2,eyeclose,val
data\raw\Sub1\Neutral\106.jpg,data\processed\neutral\Sub1_106.png,Sub1,neutral,val
data\raw\Sub3\Neutral\2897.jpg,data\processed\neutral\Sub3_2897.png,Sub3,neutral,val
data\raw\Sub2\Eyeclose\1089.jpg,data\processed\eyeclose\Sub2_1089.png,Sub2,eyeclose,val
data\raw\Sub2\Happy\1485.jpg,data\processed\happy\Sub2_1485.png,Sub2,happy,val
data\raw\Sub1\Eyeclose\206.jpg,data\processed\eyeclose\Sub1_206.png,Sub1,eyeclose,val
data\raw\Sub3\Eyeclose\3466.jpg,data\processed\eyeclose\Sub3_3466.png,Sub3,eyeclose,val
data\raw\Sub2\Eyeclose\1677.jpg,data\processed\eyeclose\Sub2_1677.png,Sub2,eyeclose,val
data\raw\Sub1\Eyeclose\217.jpg,data\processed\eyeclose\Sub1_217.png,Sub1,eyeclose,val
data\raw\Sub1\Yawn\446.jpg,data\processed\yawn\Sub1_446.png,Sub1,yawn,val
data\raw\Sub2\Eyeclose\1190.jpg,data\processed\eyeclose\Sub2_1190.png,Sub2,eyeclose,val
data\raw\Sub2\Eyeclose\1153.jpg,data\processed\eyeclose\Sub2_1153.png,Sub2,eyeclose,val
data\raw\Sub2\Eyeclose\1163.jpg,data\processed\eyeclose\Sub2_1163.png,Sub2,eyeclose,val
data\raw\Sub1\Neutral\17.jpg,data\processed\neutral\Sub1_17.png,Sub1,neutral,val
data\raw\Sub1\Eyeclose\800.jpg,data\processed\eyeclose\Sub1_800.png,Sub1,eyeclose,val
data\raw\Sub2\Eyeclose\1789.jpg,data\processed\eyeclose\Sub2_1789.png,Sub2,eyeclose,val
data\raw\Sub2\Neutral\954.jpg,data\processed\neutral\Sub2_954.png,Sub2,neutral,val
data\raw\Sub1\Neutral\154.jpg,data\processed\neutral\Sub1_154.png,Sub1,neutral,val
data\raw\Sub2\Neutral\975.jpg,data\processed\neutral\Sub2_975.png,Sub2,neutral,val
data\raw\Sub2\Neutral\943.jpg,data\processed\neutral\Sub2_943.png,Sub2,neutral,val
data\raw\Sub2\Neutral\1565.jpg,data\processed\neutral\Sub2_1565.png,Sub2,neutral,val
data\raw\Sub3\Neutral\2857.jpg,data\processed\neutral\Sub3_2857.png,Sub3,neutral,val
data\raw\Sub3\Yawn\3220.jpg,data\processed\yawn\Sub3_3220.png,Sub3,yawn,val
data\raw\Sub2\Eyeclose\1661.jpg,data\processed\eyeclose\Sub2_1661.png,Sub2,eyeclose,val
data\raw\Sub3\Yawn\3702.jpg,data\processed\yawn\Sub3_3702.png,Sub3,yawn,val
data\raw\Sub2\Happy\1460.jpg,data\processed\happy\Sub2_1460.png,Sub2,happy,val
data\raw\Sub2\Eyeclose\1106.jpg,data\processed\eyeclose\Sub2_1106.png,Sub2,eyeclose,val
data\raw\Sub3\Eyeclose\2960.jpg,data\processed\eyeclose\Sub3_2960.png,Sub3,eyeclose,val
data\raw\Sub2\Eyeclose\1161.jpg,data\processed\eyeclose\Sub2_1161.png,Sub2,eyeclose,val
data\raw\Sub3\Neutral\2898.jpg,data\processed\neutral\Sub3_2898.png,Sub3,neutral,val
data\raw\Sub2\Happy\1438.jpg,data\processed\happy\Sub2_1438.png,Sub2,happy,val
data\raw\Sub1\Neutral\63.jpg,data\processed\neutral\Sub1_63.png,Sub1,neutral,val
data\raw\Sub1\Yawn\502.jpg,data\processed\yawn\Sub1_502.png,Sub1,yawn,val
data\raw\Sub3\Neutral\2865.jpg,data\processed\neutral\Sub3_2865.png,Sub3,neutral,val
data\raw\Sub2\Happy\1440.jpg,data\processed\happy\Sub2_1440.png,Sub2,happy,val
data\raw\Sub3\Yawn\3222.jpg,data\processed\yawn\Sub3_3222.png,Sub3,yawn,val
data\raw\Sub2\Neutral\1003.jpg,data\processed\neutral\Sub2_1003.png,Sub2,neutral,val
data\raw\Sub1\Neutral\138.jpg,data\processed\neutral\Sub1_138.png,Sub1,neutral,val
data\raw\Sub3\Neutral\2852.jpg,data\processed\neutral\Sub3_2852.png,Sub3,neutral,val
data\raw\Sub1\Neutral\55.jpg,data\processed\neutral\Sub1_55.png,Sub1,neutral,val
data\raw\Sub2\Eyeclose\1126.jpg,data\processed\eyeclose\Sub2_1126.png,Sub2,eyeclose,val
data\raw\Sub2\Eyeclose\1672.jpg,data\processed\eyeclose\Sub2_1672.png,Sub2,eyeclose,val
data\raw\Sub3\Eyeclose\3480.jpg,data\processed\eyeclose\Sub3_3480.png,Sub3,eyeclose,val
data\raw\Sub3\Yawn\3707.jpg,data\processed\yawn\Sub3_3707.png,Sub3,yawn,val
data\raw\Sub1\Neutral\119.jpg,data\processed\neutral\Sub1_119.png,Sub1,neutral,val
data\raw\Sub3\Yawn\3703.jpg,data\processed\yawn\Sub3_3703.png,Sub3,yawn,val
data\raw\Sub2\Neutral\1545.jpg,data\processed\neutral\Sub2_1545.png,Sub2,neutral,val
data\raw\Sub1\Eyeclose\350.jpg,data\processed\eyeclose\Sub1_350.png,Sub1,eyeclose,val
data\raw\Sub1\Eyeclose\304.jpg,data\processed\eyeclose\Sub1_304.png,Sub1,eyeclose,val
data\raw\Sub2\Eyeclose\1150.jpg,data\processed\eyeclose\Sub2_1150.png,Sub2,eyeclose,val
data\raw\Sub1\Neutral\161.jpg,data\processed\neutral\Sub1_161.png,Sub1,neutral,val
data\raw\Sub2\Eyeclose\1091.jpg,data\processed\eyeclose\Sub2_1091.png,Sub2,eyeclose,val
data\raw\Sub2\Eyeclose\1601.jpg,data\processed\eyeclose\Sub2_1601.png,Sub2,eyeclose,val
data\raw\Sub3\Eyeclose\2956.jpg,data\processed\eyeclose\Sub3_2956.png,Sub3,eyeclose,val
data\raw\Sub2\Neutral\1028.jpg,data\processed\neutral\Sub2_1028.png,Sub2,neutral,val
data\raw\Sub2\Eyeclose\1633.jpg,data\processed\eyeclose\Sub2_1633.png,Sub2,eyeclose,val
data\raw\Sub2\Neutral\1549.jpg,data\processed\neutral\Sub2_1549.png,Sub2,neutral,val
data\raw\Sub1\Eyeclose\357.jpg,data\processed\eyeclose\Sub1_357.png,Sub1,eyeclose,val
data\raw\Sub3\Eyeclose\3476.jpg,data\processed\eyeclose\Sub3_3476.png,Sub3,eyeclose,val
data\raw\Sub3\Neutral\2851.jpg,data\processed\neutral\Sub3_2851.png,Sub3,neutral,val
data\raw\Sub1\Neutral\99.jpg,data\processed\neutral\Sub1_99.png,Sub1,neutral,val
data\raw\Sub3\Eyeclose\3442.jpg,data\processed\eyeclose\Sub3_3442.png,Sub3,eyeclose,val
data\raw\Sub1\Eyeclose\798.jpg,data\processed\eyeclose\Sub1_798.png,Sub1,eyeclose,val
data\raw\Sub2\Neutral\1555.jpg,data\processed\neutral\Sub2_1555.png,Sub2,neutral,val
data\raw\Sub2\Neutral\1013.jpg,data\processed\neutral\Sub2_1013.png,Sub2,neutral,val
data\raw\Sub2\Happy\1436.jpg,data\processed\happy\Sub2_1436.png,Sub2,happy,val
data\raw\Sub2\Eyeclose\1646.jpg,data\processed\eyeclose\Sub2_1646.png,Sub2,eyeclose,val
data\raw\Sub1\Eyeclose\218.jpg,data\processed\eyeclose\Sub1_218.png,Sub1,eyeclose,val
data\raw\Sub3\Neutral\2826.jpg,data\processed\neutral\Sub3_2826.png,Sub3,neutral,val
data\raw\Sub2\Neutral\1016.jpg,data\processed\neutral\Sub2_1016.png,Sub2,neutral,val
data\raw\Sub1\Neutral\142.jpg,data\processed\neutral\Sub1_142.png,Sub1,neutral,val
data\raw\Sub2\Neutral\979.jpg,data\processed\neutral\Sub2_979.png,Sub2,neutral,val
data\raw\Sub2\Neutral\1551.jpg,data\processed\neutral\Sub2_1551.png,Sub2,neutral,val
data\raw\Sub2\Eyeclose\1202.jpg,data\processed\eyeclose\Sub2_1202.png,Sub2,eyeclose,val
data\raw\Sub1\Eyeclose\202.jpg,data\processed\eyeclose\Sub1_202.png,Sub1,eyeclose,val
data\raw\Sub3\Neutral\2853.jpg,data\processed\neutral\Sub3_2853.png,Sub3,neutral,val
data\raw\Sub3\Eyeclose\3432.jpg,data\processed\eyeclose\Sub3_3432.png,Sub3,eyeclose,val
data\raw\Sub1\Yawn\483.jpg,data\processed\yawn\Sub1_483.png,Sub1,yawn,val
data\raw\Sub2\Yawn\1321.jpg,data\processed\yawn\Sub2_1321.png,Sub2,yawn,val
data\raw\Sub2\Eyeclose\1107.jpg,data\processed\eyeclose\Sub2_1107.png,Sub2,eyeclose,val
data\raw\Sub3\Yawn\3200.jpg,data\processed\yawn\Sub3_3200.png,Sub3,yawn,val
data\raw\Sub2\Neutral\1569.jpg,data\processed\neutral\Sub2_1569.png,Sub2,neutral,val
data\raw\Sub1\Neutral\165.jpg,data\processed\neutral\Sub1_165.png,Sub1,neutral,val
data\raw\Sub2\Neutral\960.jpg,data\processed\neutral\Sub2_960.png,Sub2,neutral,val
data\raw\Sub2\Happy\1441.jpg,data\processed\happy\Sub2_1441.png,Sub2,happy,val
data\raw\Sub3\Neutral\2907.jpg,data\processed\neutral\Sub3_2907.png,Sub3,neutral,val
data\raw\Sub2\Neutral\996.jpg,data\processed\neutral\Sub2_996.png,Sub2,neutral,val
data\raw\Sub3\Eyeclose\2962.jpg,data\processed\eyeclose\Sub3_2962.png,Sub3,eyeclose,val
data\raw\Sub2\Yawn\1344.jpg,data\processed\yawn\Sub2_1344.png,Sub2,yawn,val
data\raw\Sub2\Eyeclose\1777.jpg,data\processed\eyeclose\Sub2_1777.png,Sub2,eyeclose,val
data\raw\Sub2\Eyeclose\1728.jpg,data\processed\eyeclose\Sub2_1728.png,Sub2,eyeclose,val
data\raw\Sub2\Happy\1476.jpg,data\processed\happy\Sub2_1476.png,Sub2,happy,val
data\raw\Sub3\Eyeclose\3472.jpg,data\processed\eyeclose\Sub3_3472.png,Sub3,eyeclose,val
data\raw\Sub3\Happy\3551.jpg,data\processed\happy\Sub3_3551.png,Sub3,happy,val
data\raw\Sub2\Neutral\1538.jpg,data\processed\neutral\Sub2_1538.png,Sub2,neutral,val
data\raw\Sub2\Happy\1428.jpg,data\processed\happy\Sub2_1428.png,Sub2,happy,val
data\raw\Sub3\Eyeclose\2954.jpg,data\processed\eyeclose\Sub3_2954.png,Sub3,eyeclose,val
data\raw\Sub2\Happy\1484.jpg,data\processed\happy\Sub2_1484.png,Sub2,happy,val
data\raw\Sub1\Eyeclose\806.jpg,data\processed\eyeclose\Sub1_806.png,Sub1,eyeclose,val
data\raw\Sub2\Happy\1471.jpg,data\processed\happy\Sub2_1471.png,Sub2,happy,val
data\raw\Sub2\Eyeclose\1596.jpg,data\processed\eyeclose\Sub2_1596.png,Sub2,eyeclose,val
data\raw\Sub1\Eyeclose\201.jpg,data\processed\eyeclose\Sub1_201.png,Sub1,eyeclose,val
data\raw\Sub1\Yawn\498.jpg,data\processed\yawn\Sub1_498.png,Sub1,yawn,val
data\raw\Sub2\Happy\1437.jpg,data\processed\happy\Sub2_1437.png,Sub2,happy,val
data\raw\Sub2\Eyeclose\1178.jpg,data\processed\eyeclose\Sub2_1178.png,Sub2,eyeclose,val
data\raw\Sub1\Eyeclose\313.jpg,data\processed\eyeclose\Sub1_313.png,Sub1,eyeclose,val
data\raw\Sub2\Eyeclose\1680.jpg,data\processed\eyeclose\Sub2_1680.png,Sub2,eyeclose,val
data\raw\Sub2\Neutral\926.jpg,data\processed\neutral\Sub2_926.png,Sub2,neutral,val
data\raw\Sub3\Eyeclose\2947.jpg,data\processed\eyeclose\Sub3_2947.png,Sub3,eyeclose,val
data\raw\Sub2\Yawn\1324.jpg,data\processed\yawn\Sub2_1324.png,Sub2,yawn,val
data\raw\Sub2\Yawn\1331.jpg,data\processed\yawn\Sub2_1331.png,Sub2,yawn,val
data\raw\Sub1\Eyeclose\175.jpg,data\processed\eyeclose\Sub1_175.png,Sub1,eyeclose,val
data\raw\Sub1\Neutral\41.jpg,data\processed\neutral\Sub1_41.png,Sub1,neutral,val
data\raw\Sub1\Neutral\10.jpg,data\processed\neutral\Sub1_10.png,Sub1,neutral,val
data\raw\Sub2\Eyeclose\1778.jpg,data\processed\eyeclose\Sub2_1778.png,Sub2,eyeclose,val
data\raw\Sub3\Neutral\2855.jpg,data\processed\neutral\Sub3_2855.png,Sub3,neutral,val
data\raw\Sub3\Eyeclose\2933.jpg,data\processed\eyeclose\Sub3_2933.png,Sub3,eyeclose,val
data\raw\Sub2\Eyeclose\1152.jpg,data\processed\eyeclose\Sub2_1152.png,Sub2,eyeclose,val
data\raw\Sub3\Eyeclose\3513.jpg,data\processed\eyeclose\Sub3_3513.png,Sub3,eyeclose,val
data\raw\Sub3\Eyeclose\2939.jpg,data\processed\eyeclose\Sub3_2939.png,Sub3,eyeclose,val
data\raw\Sub3\Happy\3568.jpg,data\processed\happy\Sub3_3568.png,Sub3,happy,val
data\raw\Sub2\Eyeclose\1111.jpg,data\processed\eyeclose\Sub2_1111.png,Sub2,eyeclose,val
data\raw\Sub3\Neutral\2905.jpg,data\processed\neutral\Sub3_2905.png,Sub3,neutral,val
data\raw\Sub2\Neutral\1006.jpg,data\processed\neutral\Sub2_1006.png,Sub2,neutral,val
data\raw\Sub2\Neutral\928.jpg,data\processed\neutral\Sub2_928.png,Sub2,neutral,val
data\raw\Sub3\Neutral\2845.jpg,data\processed\neutral\Sub3_2845.png,Sub3,neutral,val
data\raw\Sub3\Eyeclose\3511.jpg,data\processed\eyeclose\Sub3_3511.png,Sub3,eyeclose,val
data\raw\Sub2\Eyeclose\1775.jpg,data\processed\eyeclose\Sub2_1775.png,Sub2,eyeclose,val
data\raw\Sub1\Eyeclose\215.jpg,data\processed\eyeclose\Sub1_215.png,Sub1,eyeclose,val
data\raw\Sub1\Yawn\480.jpg,data\processed\yawn\Sub1_480.png,Sub1,yawn,val
data\raw\Sub3\Eyeclose\3522.jpg,data\processed\eyeclose\Sub3_3522.png,Sub3,eyeclose,test
data\raw\Sub2\Happy\1497.jpg,data\processed\happy\Sub2_1497.png,Sub2,happy,test
data\raw\Sub1\Neutral\69.jpg,data\processed\neutral\Sub1_69.png,Sub1,neutral,test
data\raw\Sub3\Yawn\3215.jpg,data\processed\yawn\Sub3_3215.png,Sub3,yawn,test
data\raw\Sub2\Happy\1479.jpg,data\processed\happy\Sub2_1479.png,Sub2,happy,test
data\raw\Sub2\Eyeclose\1654.jpg,data\processed\eyeclose\Sub2_1654.png,Sub2,eyeclose,test
data\raw\Sub3\Yawn\3698.jpg,data\processed\yawn\Sub3_3698.png,Sub3,yawn,test
data\raw\Sub2\Neutral\972.jpg,data\processed\neutral\Sub2_972.png,Sub2,neutral,test
data\raw\Sub3\Eyeclose\2942.jpg,data\processed\eyeclose\Sub3_2942.png,Sub3,eyeclose,test
data\raw\Sub3\Eyeclose\2965.jpg,data\processed\eyeclose\Sub3_2965.png,Sub3,eyeclose,test
data\raw\Sub2\Happy\1453.jpg,data\processed\happy\Sub2_1453.png,Sub2,happy,test
data\raw\Sub1\Yawn\470.jpg,data\processed\yawn\Sub1_470.png,Sub1,yawn,test
data\raw\Sub3\Eyeclose\3470.jpg,data\processed\eyeclose\Sub3_3470.png,Sub3,eyeclose,test
data\raw\Sub2\Happy\1458.jpg,data\processed\happy\Sub2_1458.png,Sub2,happy,test
data\raw\Sub3\Eyeclose\3420.jpg,data\processed\eyeclose\Sub3_3420.png,Sub3,eyeclose,test
data\raw\Sub3\Eyeclose\3459.jpg,data\processed\eyeclose\Sub3_3459.png,Sub3,eyeclose,test
data\raw\Sub2\Eyeclose\1136.jpg,data\processed\eyeclose\Sub2_1136.png,Sub2,eyeclose,test
data\raw\Sub2\Neutral\925.jpg,data\processed\neutral\Sub2_925.png,Sub2,neutral,test
data\raw\Sub1\Neutral\88.jpg,data\processed\neutral\Sub1_88.png,Sub1,neutral,test
data\raw\Sub1\Neutral\58.jpg,data\processed\neutral\Sub1_58.png,Sub1,neutral,test
data\raw\Sub3\Happy\3546.jpg,data\processed\happy\Sub3_3546.png,Sub3,happy,test
data\raw\Sub2\Eyeclose\1631.jpg,data\processed\eyeclose\Sub2_1631.png,Sub2,eyeclose,test
data\raw\Sub2\Neutral\1523.jpg,data\processed\neutral\Sub2_1523.png,Sub2,neutral,test
data\raw\Sub2\Eyeclose\1605.jpg,data\processed\eyeclose\Sub2_1605.png,Sub2,eyeclose,test
data\raw\Sub3\Eyeclose\3474.jpg,data\processed\eyeclose\Sub3_3474.png,Sub3,eyeclose,test
data\raw\Sub1\Eyeclose\794.jpg,data\processed\eyeclose\Sub1_794.png,Sub1,eyeclose,test
data\raw\Sub1\Neutral\62.jpg,data\processed\neutral\Sub1_62.png,Sub1,neutral,test
data\raw\Sub1\Neutral\85.jpg,data\processed\neutral\Sub1_85.png,Sub1,neutral,test
data\raw\Sub1\Eyeclose\314.jpg,data\processed\eyeclose\Sub1_314.png,Sub1,eyeclose,test
data\raw\Sub1\Yawn\475.jpg,data\processed\yawn\Sub1_475.png,Sub1,yawn,test
data\raw\Sub3\Happy\3556.jpg,data\processed\happy\Sub3_3556.png,Sub3,happy,test
data\raw\Sub2\Eyeclose\1172.jpg,data\processed\eyeclose\Sub2_1172.png,Sub2,eyeclose,test
data\raw\Sub2\Yawn\1302.jpg,data\processed\yawn\Sub2_1302.png,Sub2,yawn,test
data\raw\Sub3\Happy\3564.jpg,data\processed\happy\Sub3_3564.png,Sub3,happy,test
data\raw\Sub1\Neutral\141.jpg,data\processed\neutral\Sub1_141.png,Sub1,neutral,test
data\raw\Sub2\Eyeclose\1174.jpg,data\processed\eyeclose\Sub2_1174.png,Sub2,eyeclose,test
data\raw\Sub2\Eyeclose\1144.jpg,data\processed\eyeclose\Sub2_1144.png,Sub2,eyeclose,test
data\raw\Sub2\Happy\1425.jpg,data\processed\happy\Sub2_1425.png,Sub2,happy,test
data\raw\Sub1\Eyeclose\209.jpg,data\processed\eyeclose\Sub1_209.png,Sub1,eyeclose,test
data\raw\Sub1\Yawn\477.jpg,data\processed\yawn\Sub1_477.png,Sub1,yawn,test
data\raw\Sub1\Eyeclose\187.jpg,data\processed\eyeclose\Sub1_187.png,Sub1,eyeclose,test
data\raw\Sub3\Neutral\2834.jpg,data\processed\neutral\Sub3_2834.png,Sub3,neutral,test
data\raw\Sub2\Eyeclose\1664.jpg,data\processed\eyeclose\Sub2_1664.png,Sub2,eyeclose,test
data\raw\Sub2\Neutral\974.jpg,data\processed\neutral\Sub2_974.png,Sub2,neutral,test
data\raw\Sub1\Neutral\134.jpg,data\processed\neutral\Sub1_134.png,Sub1,neutral,test
data\raw\Sub1\Eyeclose\792.jpg,data\processed\eyeclose\Sub1_792.png,Sub1,eyeclose,test
data\raw\Sub3\Eyeclose\2966.jpg,data\processed\eyeclose\Sub3_2966.png,Sub3,eyeclose,test
data\raw\Sub3\Neutral\2843.jpg,data\processed\neutral\Sub3_2843.png,Sub3,neutral,test
data\raw\Sub2\Eyeclose\1776.jpg,data\processed\eyeclose\Sub2_1776.png,Sub2,eyeclose,test
data\raw\Sub3\Yawn\3218.jpg,data\processed\yawn\Sub3_3218.png,Sub3,yawn,test
data\raw\Sub2\Eyeclose\1745.jpg,data\processed\eyeclose\Sub2_1745.png,Sub2,eyeclose,test
data\raw\Sub3\Neutral\2822.jpg,data\processed\neutral\Sub3_2822.png,Sub3,neutral,test
data\raw\Sub1\Neutral\30.jpg,data\processed\neutral\Sub1_30.png,Sub1,neutral,test
data\raw\Sub3\Neutral\2896.jpg,data\processed\neutral\Sub3_2896.png,Sub3,neutral,test
data\raw\Sub3\Neutral\2859.jpg,data\processed\neutral\Sub3_2859.png,Sub3,neutral,test
data\raw\Sub2\Happy\1466.jpg,data\processed\happy\Sub2_1466.png,Sub2,happy,test
data\raw\Sub2\Happy\1442.jpg,data\processed\happy\Sub2_1442.png,Sub2,happy,test
data\raw\Sub2\Eyeclose\1685.jpg,data\processed\eyeclose\Sub2_1685.png,Sub2,eyeclose,test
data\raw\Sub2\Eyeclose\1081.jpg,data\processed\eyeclose\Sub2_1081.png,Sub2,eyeclose,test
data\raw\Sub3\Eyeclose\2946.jpg,data\processed\eyeclose\Sub3_2946.png,Sub3,eyeclose,test
data\raw\Sub1\Neutral\103.jpg,data\processed\neutral\Sub1_103.png,Sub1,neutral,test
data\raw\Sub2\Yawn\1333.jpg,data\processed\yawn\Sub2_1333.png,Sub2,yawn,test
data\raw\Sub2\Eyeclose\1079.jpg,data\processed\eyeclose\Sub2_1079.png,Sub2,eyeclose,test
data\raw\Sub2\Neutral\992.jpg,data\processed\neutral\Sub2_992.png,Sub2,neutral,test
data\raw\Sub2\Eyeclose\1639.jpg,data\processed\eyeclose\Sub2_1639.png,Sub2,eyeclose,test
data\raw\Sub2\Neutral\934.jpg,data\processed\neutral\Sub2_934.png,Sub2,neutral,test
data\raw\Sub1\Eyeclose\194.jpg,data\processed\eyeclose\Sub1_194.png,Sub1,eyeclose,test
data\raw\Sub1\Eyeclose\323.jpg,data\processed\eyeclose\Sub1_323.png,Sub1,eyeclose,test
data\raw\Sub2\Yawn\1330.jpg,data\processed\yawn\Sub2_1330.png,Sub2,yawn,test
data\raw\Sub1\Yawn\463.jpg,data\processed\yawn\Sub1_463.png,Sub1,yawn,test
data\raw\Sub3\Yawn\3230.jpg,data\processed\yawn\Sub3_3230.png,Sub3,yawn,test
data\raw\Sub3\Eyeclose\2934.jpg,data\processed\eyeclose\Sub3_2934.png,Sub3,eyeclose,test
data\raw\Sub2\Eyeclose\1736.jpg,data\processed\eyeclose\Sub2_1736.png,Sub2,eyeclose,test
data\raw\Sub1\Eyeclose\316.jpg,data\processed\eyeclose\Sub1_316.png,Sub1,eyeclose,test
data\raw\Sub3\Eyeclose\3430.jpg,data\processed\eyeclose\Sub3_3430.png,Sub3,eyeclose,test
data\raw\Sub2\Neutral\947.jpg,data\processed\neutral\Sub2_947.png,Sub2,neutral,test
data\raw\Sub1\Eyeclose\351.jpg,data\processed\eyeclose\Sub1_351.png,Sub1,eyeclose,test
data\raw\Sub3\Eyeclose\3489.jpg,data\processed\eyeclose\Sub3_3489.png,Sub3,eyeclose,test
data\raw\Sub3\Eyeclose\3479.jpg,data\processed\eyeclose\Sub3_3479.png,Sub3,eyeclose,test
data\raw\Sub2\Eyeclose\1667.jpg,data\processed\eyeclose\Sub2_1667.png,Sub2,eyeclose,test
data\raw\Sub3\Neutral\2902.jpg,data\processed\neutral\Sub3_2902.png,Sub3,neutral,test
data\raw\Sub1\Eyeclose\214.jpg,data\processed\eyeclose\Sub1_214.png,Sub1,eyeclose,test
data\raw\Sub1\Eyeclose\337.jpg,data\processed\eyeclose\Sub1_337.png,Sub1,eyeclose,test
data\raw\Sub2\Neutral\1568.jpg,data\processed\neutral\Sub2_1568.png,Sub2,neutral,test
data\raw\Sub3\Eyeclose\3500.jpg,data\processed\eyeclose\Sub3_3500.png,Sub3,eyeclose,test
data\raw\Sub2\Eyeclose\1660.jpg,data\processed\eyeclose\Sub2_1660.png,Sub2,eyeclose,test
data\raw\Sub2\Neutral\1573.jpg,data\processed\neutral\Sub2_1573.png,Sub2,neutral,test
data\raw\Sub3\Neutral\2848.jpg,data\processed\neutral\Sub3_2848.png,Sub3,neutral,test
data\raw\Sub2\Neutral\958.jpg,data\processed\neutral\Sub2_958.png,Sub2,neutral,test
data\raw\Sub2\Eyeclose\1109.jpg,data\processed\eyeclose\Sub2_1109.png,Sub2,eyeclose,test
data\raw\Sub1\Yawn\490.jpg,data\processed\yawn\Sub1_490.png,Sub1,yawn,test
data\raw\Sub3\Eyeclose\3495.jpg,data\processed\eyeclose\Sub3_3495.png,Sub3,eyeclose,test
data\raw\Sub2\Neutral\1556.jpg,data\processed\neutral\Sub2_1556.png,Sub2,neutral,test
data\raw\Sub2\Eyeclose\1098.jpg,data\processed\eyeclose\Sub2_1098.png,Sub2,eyeclose,test
data\raw\Sub2\Happy\1469.jpg,data\processed\happy\Sub2_1469.png,Sub2,happy,test
data\raw\Sub2\Happy\1423.jpg,data\processed\happy\Sub2_1423.png,Sub2,happy,test
data\raw\Sub1\Neutral\122.jpg,data\processed\neutral\Sub1_122.png,Sub1,neutral,test
data\raw\Sub2\Eyeclose\1196.jpg,data\processed\eyeclose\Sub2_1196.png,Sub2,eyeclose,test
data\raw\Sub2\Neutral\1017.jpg,data\processed\neutral\Sub2_1017.png,Sub2,neutral,test
data\raw\Sub1\Yawn\494.jpg,data\processed\yawn\Sub1_494.png,Sub1,yawn,test
data\raw\Sub2\Eyeclose\1758.jpg,data\processed\eyeclose\Sub2_1758.png,Sub2,eyeclose,test
data\raw\Sub2\Eyeclose\1594.jpg,data\processed\eyeclose\Sub2_1594.png,Sub2,eyeclose,test
data\raw\Sub2\Eyeclose\1117.jpg,data\processed\eyeclose\Sub2_1117.png,Sub2,eyeclose,test
data\raw\Sub3\Eyeclose\3481.jpg,data\processed\eyeclose\Sub3_3481.png,Sub3,eyeclose,test
data\raw\Sub1\Neutral\89.jpg,data\processed\neutral\Sub1_89.png,Sub1,neutral,test
data\raw\Sub1\Eyeclose\802.jpg,data\processed\eyeclose\Sub1_802.png,Sub1,eyeclose,test
data\raw\Sub1\Eyeclose\208.jpg,data\processed\eyeclose\Sub1_208.png,Sub1,eyeclose,test
data\raw\Sub2\Eyeclose\1784.jpg,data\processed\eyeclose\Sub2_1784.png,Sub2,eyeclose,test
data\raw\Sub2\Eyeclose\1090.jpg,data\processed\eyeclose\Sub2_1090.png,Sub2,eyeclose,test
data\raw\Sub1\Neutral\140.jpg,data\processed\neutral\Sub1_140.png,Sub1,neutral,test
data\raw\Sub1\Neutral\93.jpg,data\processed\neutral\Sub1_93.png,Sub1,neutral,test
data\raw\Sub3\Eyeclose\3485.jpg,data\processed\eyeclose\Sub3_3485.png,Sub3,eyeclose,test
data\raw\Sub2\Yawn\1328.jpg,data\processed\yawn\Sub2_1328.png,Sub2,yawn,test
data\raw\Sub1\Eyeclose\791.jpg,data\processed\eyeclose\Sub1_791.png,Sub1,eyeclose,test
data\raw\Sub1\Neutral\11.jpg,data\processed\neutral\Sub1_11.png,Sub1,neutral,test
data\raw\Sub3\Yawn\3202.jpg,data\processed\yawn\Sub3_3202.png,Sub3,yawn,test
data\raw\Sub1\Yawn\485.jpg,data\processed\yawn\Sub1_485.png,Sub1,yawn,test
data\raw\Sub2\Happy\1455.jpg,data\processed\happy\Sub2_1455.png,Sub2,happy,test
data\raw\Sub2\Neutral\1025.jpg,data\processed\neutral\Sub2_1025.png,Sub2,neutral,test
data\raw\Sub2\Eyeclose\1753.jpg,data\processed\eyeclose\Sub2_1753.png,Sub2,eyeclose,test
data\raw\Sub2\Neutral\1534.jpg,data\processed\neutral\Sub2_1534.png,Sub2,neutral,test
data\raw\Sub1\Eyeclose\195.jpg,data\processed\eyeclose\Sub1_195.png,Sub1,eyeclose,test
data\raw\Sub2\Eyeclose\1768.jpg,data\processed\eyeclose\Sub2_1768.png,Sub2,eyeclose,test
data\raw\Sub3\Eyeclose\3426.jpg,data\processed\eyeclose\Sub3_3426.png,Sub3,eyeclose,test
data\raw\Sub2\Neutral\1542.jpg,data\processed\neutral\Sub2_1542.png,Sub2,neutral,test
data\raw\Sub2\Yawn\1318.jpg,data\processed\yawn\Sub2_1318.png,Sub2,yawn,test
data\raw\Sub2\Eyeclose\1673.jpg,data\processed\eyeclose\Sub2_1673.png,Sub2,eyeclose,test
data\raw\Sub1\Neutral\148.jpg,data\processed\neutral\Sub1_148.png,Sub1,neutral,test
data\raw\Sub3\Eyeclose\3525.jpg,data\processed\eyeclose\Sub3_3525.png,Sub3,eyeclose,test
data\raw\Sub1\Yawn\500.jpg,data\processed\yawn\Sub1_500.png,Sub1,yawn,test
data\raw\Sub2\Yawn\1303.jpg,data\processed\yawn\Sub2_1303.png,Sub2,yawn,test
data\raw\Sub3\Eyeclose\2932.jpg,data\processed\eyeclose\Sub3_2932.png,Sub3,eyeclose,test
data\raw\Sub3\Neutral\2829.jpg,data\processed\neutral\Sub3_2829.png,Sub3,neutral,test
data\raw\Sub2\Eyeclose\1627.jpg,data\processed\eyeclose\Sub2_1627.png,Sub2,eyeclose,test
data\raw\Sub1\Neutral\50.jpg,data\processed\neutral\Sub1_50.png,Sub1,neutral,test
data\raw\Sub2\Eyeclose\1689.jpg,data\processed\eyeclose\Sub2_1689.png,Sub2,eyeclose,test
data\raw\Sub2\Happy\1443.jpg,data\processed\happy\Sub2_1443.png,Sub2,happy,test
data\raw\Sub1\Neutral\15.jpg,data\processed\neutral\Sub1_15.png,Sub1,neutral,test
data\raw\Sub2\Eyeclose\1160.jpg,data\processed\eyeclose\Sub2_1160.png,Sub2,eyeclose,test
data\raw\Sub2\Eyeclose\1625.jpg,data\processed\eyeclose\Sub2_1625.png,Sub2,eyeclose,test
data\raw\Sub1\Neutral\45.jpg,data\processed\neutral\Sub1_45.png,Sub1,neutral,test
data\raw\Sub1\Neutral\126.jpg,data\processed\neutral\Sub1_126.png,Sub1,neutral,test
data\raw\Sub1\Neutral\13.jpg,data\processed\neutral\Sub1_13.png,Sub1,neutral,test
data\raw\Sub2\Yawn\1345.jpg,data\processed\yawn\Sub2_1345.png,Sub2,yawn,test
data\raw\Sub1\Neutral\167.jpg,data\processed\neutral\Sub1_167.png,Sub1,neutral,test
data\raw\Sub3\Eyeclose\3427.jpg,data\processed\eyeclose\Sub3_3427.png,Sub3,eyeclose,test
data\raw\Sub1\Eyeclose\339.jpg,data\processed\eyeclose\Sub1_339.png,Sub1,eyeclose,test
data\raw\Sub2\Happy\1478.jpg,data\processed\happy\Sub2_1478.png,Sub2,happy,test
data\raw\Sub2\Eyeclose\1080.jpg,data\processed\eyeclose\Sub2_1080.png,Sub2,eyeclose,test
data\raw\Sub2\Eyeclose\1084.jpg,data\processed\eyeclose\Sub2_1084.png,Sub2,eyeclose,test
data\raw\Sub2\Eyeclose\1137.jpg,data\processed\eyeclose\Sub2_1137.png,Sub2,eyeclose,test
data\raw\Sub1\Neutral\159.jpg,data\processed\neutral\Sub1_159.png,Sub1,neutral,test
data\raw\Sub1\Eyeclose\310.jpg,data\processed\eyeclose\Sub1_310.png,Sub1,eyeclose,test
data\raw\Sub3\Eyeclose\3448.jpg,data\processed\eyeclose\Sub3_3448.png,Sub3,eyeclose,test
data\raw\Sub3\Neutral\2821.jpg,data\processed\neutral\Sub3_2821.png,Sub3,neutral,test
data\raw\Sub2\Eyeclose\1141.jpg,data\processed\eyeclose\Sub2_1141.png,Sub2,eyeclose,test
data\raw\Sub1\Eyeclose\186.jpg,data\processed\eyeclose\Sub1_186.png,Sub1,eyeclose,test
data\raw\Sub3\Yawn\3231.jpg,data\processed\yawn\Sub3_3231.png,Sub3,yawn,test
data\raw\Sub2\Neutral\1530.jpg,data\processed\neutral\Sub2_1530.png,Sub2,neutral,test
data\raw\Sub2\Yawn\1348.jpg,data\processed\yawn\Sub2_1348.png,Sub2,yawn,test
data\raw\Sub1\Eyeclose\178.jpg,data\processed\eyeclose\Sub1_178.png,Sub1,eyeclose,test
data\raw\Sub2\Eyeclose\1162.jpg,data\processed\eyeclose\Sub2_1162.png,Sub2,eyeclose,test
data\raw\Sub3\Yawn\3208.jpg,data\processed\yawn\Sub3_3208.png,Sub3,yawn,test
data\raw\Sub1\Eyeclose\820.jpg,data\processed\eyeclose\Sub1_820.png,Sub1,eyeclose,test
data\raw\Sub3\Neutral\2887.jpg,data\processed\neutral\Sub3_2887.png,Sub3,neutral,test
data\raw\Sub1\Neutral\147.jpg,data\processed\neutral\Sub1_147.png,Sub1,neutral,test
data\raw\Sub2\Eyeclose\1603.jpg,data\processed\eyeclose\Sub2_1603.png,Sub2,eyeclose,test
data\raw\Sub1\Neutral\31.jpg,data\processed\neutral\Sub1_31.png,Sub1,neutral,test
data\raw\Sub2\Eyeclose\1675.jpg,data\processed\eyeclose\Sub2_1675.png,Sub2,eyeclose,test
data\raw\Sub2\Eyeclose\1724.jpg,data\processed\eyeclose\Sub2_1724.png,Sub2,eyeclose,test
data\raw\Sub2\Eyeclose\1121.jpg,data\processed\eyeclose\Sub2_1121.png,Sub2,eyeclose,test
data\raw\Sub3\Neutral\2875.jpg,data\processed\neutral\Sub3_2875.png,Sub3,neutral,test
data\raw\Sub1\Eyeclose\332.jpg,data\processed\eyeclose\Sub1_332.png,Sub1,eyeclose,test
data\raw\Sub1\Neutral\19.jpg,data\processed\neutral\Sub1_19.png,Sub1,neutral,test
data\raw\Sub2\Neutral\969.jpg,data\processed\neutral\Sub2_969.png,Sub2,neutral,test
data\raw\Sub1\Neutral\36.jpg,data\processed\neutral\Sub1_36.png,Sub1,neutral,test
data\raw\Sub2\Neutral\952.jpg,data\processed\neutral\Sub2_952.png,Sub2,neutral,test
data\raw\Sub2\Neutral\1563.jpg,data\processed\neutral\Sub2_1563.png,Sub2,neutral,test
data\raw\Sub2\Eyeclose\1099.jpg,data\processed\eyeclose\Sub2_1099.png,Sub2,eyeclose,test
data\raw\Sub2\Happy\1480.jpg,data\processed\happy\Sub2_1480.png,Sub2,happy,test
data\raw\Sub2\Eyeclose\1125.jpg,data\processed\eyeclose\Sub2_1125.png,Sub2,eyeclose,test
data\raw\Sub2\Eyeclose\1666.jpg,data\processed\eyeclose\Sub2_1666.png,Sub2,eyeclose,test
data\raw\Sub2\Yawn\1311.jpg,data\processed\yawn\Sub2_1311.png,Sub2,yawn,test
data\raw\Sub1\Neutral\73.jpg,data\processed\neutral\Sub1_73.png,Sub1,neutral,test
data\raw\Sub2\Eyeclose\1171.jpg,data\processed\eyeclose\Sub2_1171.png,Sub2,eyeclose,test
data\raw\Sub2\Neutral\939.jpg,data\processed\neutral\Sub2_939.png,Sub2,neutral,test
data\raw\Sub3\Yawn\3213.jpg,data\processed\yawn\Sub3_3213.png,Sub3,yawn,test
data\raw\Sub3\Eyeclose\2949.jpg,data\processed\eyeclose\Sub3_2949.png,Sub3,eyeclose,test
data\raw\Sub1\Neutral\44.jpg,data\processed\neutral\Sub1_44.png,Sub1,neutral,test
data\raw\Sub2\Happy\1467.jpg,data\processed\happy\Sub2_1467.png,Sub2,happy,test
data\raw\Sub1\Eyeclose\188.jpg,data\processed\eyeclose\Sub1_188.png,Sub1,eyeclose,test
data\raw\Sub2\Neutral\1571.jpg,data\processed\neutral\Sub2_1571.png,Sub2,neutral,test
data\raw\Sub2\Neutral\1521.jpg,data\processed\neutral\Sub2_1521.png,Sub2,neutral,test
data\raw\Sub3\Neutral\2904.jpg,data\processed\neutral\Sub3_2904.png,Sub3,neutral,test
data\raw\Sub2\Eyeclose\1120.jpg,data\processed\eyeclose\Sub2_1120.png,Sub2,eyeclose,test
data\raw\Sub2\Eyeclose\1193.jpg,data\processed\eyeclose\Sub2_1193.png,Sub2,eyeclose,test
data\raw\Sub2\Neutral\1567.jpg,data\processed\neutral\Sub2_1567.png,Sub2,neutral,test
data\raw\Sub2\Eyeclose\1773.jpg,data\processed\eyeclose\Sub2_1773.png,Sub2,eyeclose,test
